ğŸ˜€	grinning face	smile happy joy :D
ğŸ˜ƒ	grinning face with big eyes	happy joy haha :D :) smile funny
ğŸ˜„	grinning face with smiling eyes	happy joy funny haha laugh like :D :) smile
ğŸ˜	beaming face with smiling eyes	happy smile joy kawaii
ğŸ˜†	grinning squinting face	happy joy lol satisfied haha glad XD laugh
ğŸ˜…	grinning face with sweat	hot happy laugh smile relief
ğŸ¤£	rolling on the floor laughing	lol haha rofl
ğŸ˜‚	face with tears of joy	cry weep happy happytears haha
ğŸ™‚	slightly smiling face	smile
ğŸ™ƒ	upside down face	flipped silly smile
ğŸ˜‰	winking face	happy mischievous secret ;) smile eye
ğŸ˜Š	smiling face with smiling eyes	smile happy flushed crush embarrassed shy joy
ğŸ˜‡	smiling face with halo	angel heaven
ğŸ¥°	smiling face with hearts	love like affection valentines infatuation crush adore
ğŸ˜	smiling face with heart eyes	love like affection valentines infatuation crush
ğŸ¤©	star struck	smile starry eyes grinning
ğŸ˜˜	face blowing a kiss	love like affection valentines infatuation
ğŸ˜—	kissing face	love like 3 valentines infatuation
â˜ºï¸	smiling face	blush massage happiness
ğŸ˜š	kissing face with closed eyes	love like affection valentines infatuation
ğŸ˜™	kissing face with smiling eyes	affection valentines infatuation
ğŸ˜‹	face savoring food	happy joy tongue smile silly yummy nom delicious savouring
ğŸ˜›	face with tongue	prank childish playful mischievous smile
ğŸ˜œ	winking face with tongue	prank childish playful mischievous smile
ğŸ¤ª	zany face	goofy crazy
ğŸ˜	squinting face with tongue	prank playful mischievous smile
ğŸ¤‘	money mouth face	rich dollar
ğŸ¤—	hugging face	smile
ğŸ¤­	face with hand over mouth	whoops shock surprise
ğŸ¤«	shushing face	quiet shhh
ğŸ¤”	thinking face	hmmm consider
ğŸ¤	zipper mouth face	sealed secret
ğŸ¤¨	face with raised eyebrow	distrust scepticism disapproval disbelief surprise
ğŸ˜	neutral face	indifference meh :|
ğŸ˜‘	expressionless face	indifferent meh deadpan
ğŸ˜¶	face without mouth	hellokitty
ğŸ˜	smirking face	smile mean prank smug sarcasm
ğŸ˜’	unamused face	indifference bored straight serious sarcasm unimpressed skeptical dubious side eye
ğŸ™„	face with rolling eyes	eyeroll frustrated
ğŸ˜¬	grimacing face	grimace teeth
ğŸ¤¥	lying face	lie pinocchio
ğŸ˜Œ	relieved face	relaxed phew massage happiness
ğŸ˜”	pensive face	sad depressed upset
ğŸ˜ª	sleepy face	tired rest nap
ğŸ¤¤	drooling face	
ğŸ˜´	sleeping face	tired sleepy night zzz
ğŸ˜·	face with medical mask	sick ill disease
ğŸ¤’	face with thermometer	sick temperature cold fever
ğŸ¤•	face with head bandage	injured clumsy hurt
ğŸ¤¢	nauseated face	vomit gross green sick throw up ill
ğŸ¤®	face vomiting	sick
ğŸ¤§	sneezing face	gesundheit sneeze sick allergy
ğŸ¥µ	hot face	feverish heat red sweating
ğŸ¥¶	cold face	blue freezing frozen frostbite icicles
ğŸ¥´	woozy face	dizzy intoxicated tipsy wavy
ğŸ˜µ	dizzy face	spent unconscious xox
ğŸ¤¯	exploding head	shocked mind blown
ğŸ¤ 	cowboy hat face	cowgirl
ğŸ¥³	partying face	celebration woohoo
ğŸ˜	smiling face with sunglasses	cool smile summer beach
ğŸ¤“	nerd face	nerdy geek dork
ğŸ§	face with monocle	stuffy wealthy
ğŸ˜•	confused face	indifference huh weird hmmm :/
ğŸ˜Ÿ	worried face	concern nervous :(
ğŸ™	slightly frowning face	disappointed sad upset
â˜¹ï¸	frowning face	sad upset
ğŸ˜®	face with open mouth	surprise impressed wow whoa :O
ğŸ˜¯	hushed face	woo shh
ğŸ˜²	astonished face	xox surprised poisoned
ğŸ˜³	flushed face	blush shy flattered
ğŸ¥º	pleading face	begging mercy
ğŸ˜¦	frowning face with open mouth	aw what
ğŸ˜§	anguished face	stunned nervous
ğŸ˜¨	fearful face	scared terrified nervous oops huh
ğŸ˜°	anxious face with sweat	nervous
ğŸ˜¥	sad but relieved face	phew sweat nervous
ğŸ˜¢	crying face	tears sad depressed upset :'(
ğŸ˜­	loudly crying face	tears sad upset depressed sob
ğŸ˜±	face screaming in fear	munch scared omg
ğŸ˜–	confounded face	confused sick unwell oops :S
ğŸ˜£	persevering face	sick no upset oops
ğŸ˜	disappointed face	sad upset depressed :(
ğŸ˜“	downcast face with sweat	hot sad tired exercise
ğŸ˜©	weary face	tired sleepy sad frustrated upset
ğŸ˜«	tired face	sick whine upset frustrated
ğŸ¥±	yawning face	tired sleepy
ğŸ˜¤	face with steam from nose	gas phew proud pride
ğŸ˜¡	pouting face	angry mad hate despise
ğŸ˜ 	angry face	mad annoyed frustrated
ğŸ¤¬	face with symbols on mouth	swearing cursing cussing profanity expletive
ğŸ˜ˆ	smiling face with horns	devil
ğŸ‘¿	angry face with horns	devil
ğŸ’€	skull	dead skeleton creepy death
â˜ ï¸	skull and crossbones	poison danger deadly scary death pirate evil
ğŸ’©	pile of poo	hankey shitface fail turd shit poop
ğŸ¤¡	clown face	
ğŸ‘¹	ogre	monster red mask halloween scary creepy devil demon japanese
ğŸ‘º	goblin	red evil mask monster scary creepy japanese
ğŸ‘»	ghost	halloween spooky scary
ğŸ‘½	alien	UFO paul weird outer space
ğŸ‘¾	alien monster	game arcade play
ğŸ¤–	robot	computer machine
ğŸ˜º	grinning cat	animal cats happy smile
ğŸ˜¸	grinning cat with smiling eyes	animal cats smile
ğŸ˜¹	cat with tears of joy	animal cats haha happy
ğŸ˜»	smiling cat with heart eyes	animal love like affection cats valentines
ğŸ˜¼	cat with wry smile	animal cats smirk
ğŸ˜½	kissing cat	animal cats
ğŸ™€	weary cat	animal cats munch scared scream
ğŸ˜¿	crying cat	animal tears weep sad cats upset
ğŸ˜¾	pouting cat	animal cats
ğŸ™ˆ	see no evil monkey	animal nature haha
ğŸ™‰	hear no evil monkey	animal nature
ğŸ™Š	speak no evil monkey	animal nature omg
ğŸ’‹	kiss mark	lips love like affection valentines
ğŸ’Œ	love letter	email like affection envelope valentines
ğŸ’˜	heart with arrow	love like affection valentines
ğŸ’	heart with ribbon	love valentines
ğŸ’–	sparkling heart	love like affection valentines
ğŸ’—	growing heart	like love affection valentines pink
ğŸ’“	beating heart	love like affection valentines pink
ğŸ’	revolving hearts	love like affection valentines
ğŸ’•	two hearts	love like affection valentines
ğŸ’Ÿ	heart decoration	purple-square love like
â£ï¸	heart exclamation	decoration love
ğŸ’”	broken heart	sad sorry break heartbreak
â¤ï¸	red heart	love like valentines
ğŸ§¡	orange heart	love like affection valentines
ğŸ’›	yellow heart	love like affection valentines
ğŸ’š	green heart	love like affection valentines
ğŸ’™	blue heart	love like affection valentines
ğŸ’œ	purple heart	love like affection valentines
ğŸ¤	brown heart	coffee
ğŸ–¤	black heart	evil
ğŸ¤	white heart	pure
ğŸ’¯	hundred points	score perfect numbers century exam quiz test pass
ğŸ’¢	anger symbol	angry mad
ğŸ’¥	collision	bomb explode explosion blown
ğŸ’«	dizzy	star sparkle shoot magic
ğŸ’¦	sweat droplets	water drip oops
ğŸ’¨	dashing away	wind air fast shoo fart smoke puff
ğŸ•³ï¸	hole	embarrassing
ğŸ’£	bomb	boom explode explosion terrorism
ğŸ’¬	speech balloon	bubble words message talk chatting
ğŸ‘ï¸â€ğŸ—¨ï¸	eye in speech bubble	info
ğŸ—¨ï¸	left speech bubble	words message talk chatting
ğŸ—¯ï¸	right anger bubble	caption speech thinking mad
ğŸ’­	thought balloon	bubble cloud speech thinking dream
ğŸ’¤	zzz	sleepy tired dream
ğŸ‘‹	waving hand	gesture goodbye solong farewell hello hi palm
ğŸ¤š	raised back of hand	fingers backhand
ğŸ–ï¸	hand with fingers splayed	palm
âœ‹	raised hand	fingers stop highfive palm ban
ğŸ––	vulcan salute	fingers spock star trek
ğŸ‘Œ	ok hand	fingers limbs perfect ok okay
ğŸ¤	pinching hand	tiny small size
âœŒï¸	victory hand	fingers ohyeah peace two
ğŸ¤	crossed fingers	good lucky
ğŸ¤Ÿ	love you gesture	fingers
ğŸ¤˜	sign of the horns	fingers evil eye rock on
ğŸ¤™	call me hand	gesture shaka
ğŸ‘ˆ	backhand index pointing left	direction fingers
ğŸ‘‰	backhand index pointing right	fingers direction
ğŸ‘†	backhand index pointing up	fingers direction up
ğŸ–•	middle finger	fingers rude flipping
ğŸ‘‡	backhand index pointing down	fingers direction
â˜ï¸	index pointing up	fingers direction up
ğŸ‘	thumbs up	yes awesome good agree accept cool like +1
ğŸ‘	thumbs down	no dislike -1
âœŠ	raised fist	fingers grasp
ğŸ‘Š	oncoming fist	angry violence hit attack
ğŸ¤›	left facing fist	fistbump
ğŸ¤œ	right facing fist	fistbump
ğŸ‘	clapping hands	praise applause congrats yay
ğŸ™Œ	raising hands	gesture hooray yea celebration
ğŸ‘	open hands	fingers butterfly
ğŸ¤²	palms up together	gesture cupped prayer
ğŸ¤	handshake	agreement
ğŸ™	folded hands	please hope wish namaste highfive pray
âœï¸	writing hand	pen stationery write compose
ğŸ’…	nail polish	beauty manicure finger fashion
ğŸ¤³	selfie	camera phone
ğŸ’ª	flexed biceps	arm strong muscle
ğŸ¦¾	mechanical arm	accessibility prosthetic
ğŸ¦¿	mechanical leg	accessibility prosthetic
ğŸ¦µ	leg	kick limb
ğŸ¦¶	foot	kick stomp
ğŸ‘‚	ear	hear sound listen
ğŸ¦»	ear with hearing aid	accessibility
ğŸ‘ƒ	nose	smell sniff
ğŸ§ 	brain	smart intelligent
ğŸ¦·	tooth	teeth dentist
ğŸ¦´	bone	skeleton
ğŸ‘€	eyes	look watch stalk peek see
ğŸ‘ï¸	eye	look see watch stare
ğŸ‘…	tongue	mouth playful
ğŸ‘„	mouth	kiss lips
ğŸ‘¶	baby	child boy girl toddler
ğŸ§’	child	gender-neutral young
ğŸ‘¦	boy	man male guy teenager
ğŸ‘§	girl	female woman teenager
ğŸ§‘	person	gender-neutral
ğŸ‘±	person blond hair	hairstyle blonde
ğŸ‘¨	man	mustache father dad guy classy sir moustache
ğŸ§”	man beard	person bewhiskered
ğŸ‘¨â€ğŸ¦°	man red hair	hairstyle ginger
ğŸ‘¨â€ğŸ¦±	man curly hair	hairstyle
ğŸ‘¨â€ğŸ¦³	man white hair	old elder
ğŸ‘¨â€ğŸ¦²	man bald	hairless
ğŸ‘©	woman	female girls lady
ğŸ‘©â€ğŸ¦°	woman red hair	hairstyle ginger
ğŸ§‘â€ğŸ¦°	person red hair	hairstyle ginger
ğŸ‘©â€ğŸ¦±	woman curly hair	hairstyle
ğŸ§‘â€ğŸ¦±	person curly hair	hairstyle
ğŸ‘©â€ğŸ¦³	woman white hair	old elder
ğŸ§‘â€ğŸ¦³	person white hair	elder old
ğŸ‘©â€ğŸ¦²	woman bald	hairless
ğŸ§‘â€ğŸ¦²	person bald	hairless
ğŸ‘±â€â™€ï¸	woman blond hair	female girl blonde
ğŸ‘±â€â™‚ï¸	man blond hair	male boy blonde guy
ğŸ§“	older person	human elder senior gender-neutral
ğŸ‘´	old man	human male men elder senior grandpa
ğŸ‘µ	old woman	human female women lady elder senior grandma
ğŸ™	person frowning	worried
ğŸ™â€â™‚ï¸	man frowning	male boy sad depressed discouraged unhappy
ğŸ™â€â™€ï¸	woman frowning	female girl sad depressed discouraged unhappy
ğŸ™	person pouting	upset
ğŸ™â€â™‚ï¸	man pouting	male boy
ğŸ™â€â™€ï¸	woman pouting	female girl
ğŸ™…	person gesturing no	decline
ğŸ™…â€â™‚ï¸	man gesturing no	male boy nope
ğŸ™…â€â™€ï¸	woman gesturing no	female girl nope
ğŸ™†	person gesturing ok	agree
ğŸ™†â€â™‚ï¸	man gesturing ok	men boy male blue human
ğŸ™†â€â™€ï¸	woman gesturing ok	women girl female pink human
ğŸ’	person tipping hand	information sassy
ğŸ’â€â™‚ï¸	man tipping hand	male boy human information
ğŸ’â€â™€ï¸	woman tipping hand	female girl human information
ğŸ™‹	person raising hand	question
ğŸ™‹â€â™‚ï¸	man raising hand	male boy
ğŸ™‹â€â™€ï¸	woman raising hand	female girl
ğŸ§	deaf person	accessibility
ğŸ§â€â™‚ï¸	deaf man	accessibility
ğŸ§â€â™€ï¸	deaf woman	accessibility
ğŸ™‡	person bowing	respectful
ğŸ™‡â€â™‚ï¸	man bowing	male boy
ğŸ™‡â€â™€ï¸	woman bowing	female girl
ğŸ¤¦	person facepalming	disappointed
ğŸ¤¦â€â™‚ï¸	man facepalming	male boy disbelief
ğŸ¤¦â€â™€ï¸	woman facepalming	female girl disbelief
ğŸ¤·	person shrugging	regardless idk
ğŸ¤·â€â™‚ï¸	man shrugging	male boy confused indifferent doubt
ğŸ¤·â€â™€ï¸	woman shrugging	female girl confused indifferent doubt
ğŸ§‘â€âš•ï¸	health worker	hospital doctor nurse
ğŸ‘¨â€âš•ï¸	man health worker	doctor nurse therapist healthcare
ğŸ‘©â€âš•ï¸	woman health worker	doctor nurse therapist healthcare
ğŸ§‘â€ğŸ“	student	learn graduate
ğŸ‘¨â€ğŸ“	man student	graduate
ğŸ‘©â€ğŸ“	woman student	graduate
ğŸ§‘â€ğŸ«	teacher	professor instructor
ğŸ‘¨â€ğŸ«	man teacher	instructor professor
ğŸ‘©â€ğŸ«	woman teacher	instructor professor
ğŸ§‘â€âš–ï¸	judge	law justice court
ğŸ‘¨â€âš–ï¸	man judge	justice court
ğŸ‘©â€âš–ï¸	woman judge	justice court
ğŸ§‘â€ğŸŒ¾	farmer	crops rancher gardener
ğŸ‘¨â€ğŸŒ¾	man farmer	rancher gardener
ğŸ‘©â€ğŸŒ¾	woman farmer	rancher gardener
ğŸ§‘â€ğŸ³	cook	food kitchen culinary chef
ğŸ‘¨â€ğŸ³	man cook	chef
ğŸ‘©â€ğŸ³	woman cook	chef
ğŸ§‘â€ğŸ”§	mechanic	worker technician plumber wrench
ğŸ‘¨â€ğŸ”§	man mechanic	plumber wrench
ğŸ‘©â€ğŸ”§	woman mechanic	plumber wrench
ğŸ§‘â€ğŸ­	factory worker	labor assembly industrial
ğŸ‘¨â€ğŸ­	man factory worker	assembly industrial
ğŸ‘©â€ğŸ­	woman factory worker	assembly industrial
ğŸ§‘â€ğŸ’¼	office worker	business manager
ğŸ‘¨â€ğŸ’¼	man office worker	business manager
ğŸ‘©â€ğŸ’¼	woman office worker	business manager
ğŸ§‘â€ğŸ”¬	scientist	chemistry biologist chemist engineer physicist
ğŸ‘¨â€ğŸ”¬	man scientist	biologist chemist engineer physicist
ğŸ‘©â€ğŸ”¬	woman scientist	biologist chemist engineer physicist
ğŸ§‘â€ğŸ’»	technologist	computer coder developer engineer programmer software laptop
ğŸ‘¨â€ğŸ’»	man technologist	coder developer engineer programmer software laptop computer
ğŸ‘©â€ğŸ’»	woman technologist	coder developer engineer programmer software laptop computer
ğŸ§‘â€ğŸ¤	singer	song artist performer rockstar entertainer
ğŸ‘¨â€ğŸ¤	man singer	rockstar entertainer
ğŸ‘©â€ğŸ¤	woman singer	rockstar entertainer
ğŸ§‘â€ğŸ¨	artist	painting draw creativity painter
ğŸ‘¨â€ğŸ¨	man artist	painter
ğŸ‘©â€ğŸ¨	woman artist	painter
ğŸ§‘â€âœˆï¸	pilot	fly plane airplane aviator
ğŸ‘¨â€âœˆï¸	man pilot	aviator plane
ğŸ‘©â€âœˆï¸	woman pilot	aviator plane
ğŸ§‘â€ğŸš€	astronaut	outerspace space rocket
ğŸ‘¨â€ğŸš€	man astronaut	space rocket
ğŸ‘©â€ğŸš€	woman astronaut	space rocket
ğŸ§‘â€ğŸš’	firefighter	fireman
ğŸ‘¨â€ğŸš’	man firefighter	fireman
ğŸ‘©â€ğŸš’	woman firefighter	fireman
ğŸ‘®	police officer	cop
ğŸ‘®â€â™‚ï¸	man police officer	law legal enforcement arrest 911
ğŸ‘®â€â™€ï¸	woman police officer	law legal enforcement arrest 911 female
ğŸ•µï¸	detective	human spy
ğŸ•µï¸â€â™‚ï¸	man detective	crime spy
ğŸ•µï¸â€â™€ï¸	woman detective	spy female
ğŸ’‚	guard	protect
ğŸ’‚â€â™‚ï¸	man guard	uk gb british male guy royal
ğŸ’‚â€â™€ï¸	woman guard	uk gb british female royal
ğŸ‘·	construction worker	labor build
ğŸ‘·â€â™‚ï¸	man construction worker	male wip guy build labor
ğŸ‘·â€â™€ï¸	woman construction worker	female wip build labor
ğŸ¤´	prince	boy man male crown royal king
ğŸ‘¸	princess	girl woman female blond crown royal queen
ğŸ‘³	person wearing turban	headdress
ğŸ‘³â€â™‚ï¸	man wearing turban	male indian hinduism arabs
ğŸ‘³â€â™€ï¸	woman wearing turban	female indian hinduism arabs
ğŸ‘²	man with skullcap	male boy chinese
ğŸ§•	woman with headscarf	female hijab mantilla tichel
ğŸ¤µ	man in tuxedo	couple marriage wedding groom
ğŸ‘°	bride with veil	couple marriage wedding woman
ğŸ¤°	pregnant woman	baby
ğŸ¤±	breast feeding	nursing baby
ğŸ‘¼	baby angel	heaven wings halo
ğŸ…	santa claus	festival man male xmas father christmas
ğŸ¤¶	mrs claus	woman female xmas mother christmas
ğŸ¦¸	superhero	marvel
ğŸ¦¸â€â™‚ï¸	man superhero	male good superpowers
ğŸ¦¸â€â™€ï¸	woman superhero	female good heroine superpowers
ğŸ¦¹	supervillain	marvel
ğŸ¦¹â€â™‚ï¸	man supervillain	male evil bad criminal hero superpowers
ğŸ¦¹â€â™€ï¸	woman supervillain	female evil bad criminal heroine superpowers
ğŸ§™	mage	magic wizard
ğŸ§™â€â™‚ï¸	man mage	male sorcerer wizard
ğŸ§™â€â™€ï¸	woman mage	female witch
ğŸ§š	fairy	wings magical
ğŸ§šâ€â™‚ï¸	man fairy	male
ğŸ§šâ€â™€ï¸	woman fairy	female
ğŸ§›	vampire	blood twilight
ğŸ§›â€â™‚ï¸	man vampire	male dracula
ğŸ§›â€â™€ï¸	woman vampire	female
ğŸ§œ	merperson	sea
ğŸ§œâ€â™‚ï¸	merman	male triton
ğŸ§œâ€â™€ï¸	mermaid	female merwoman ariel
ğŸ§	elf	magical
ğŸ§â€â™‚ï¸	man elf	male
ğŸ§â€â™€ï¸	woman elf	female
ğŸ§	genie	magical wishes
ğŸ§â€â™‚ï¸	man genie	male
ğŸ§â€â™€ï¸	woman genie	female
ğŸ§Ÿ	zombie	dead undead
ğŸ§Ÿâ€â™‚ï¸	man zombie	male dracula undead walking dead
ğŸ§Ÿâ€â™€ï¸	woman zombie	female undead walking dead
ğŸ’†	person getting massage	relax spa
ğŸ’†â€â™‚ï¸	man getting massage	male boy head
ğŸ’†â€â™€ï¸	woman getting massage	female girl head
ğŸ’‡	person getting haircut	hairstyle
ğŸ’‡â€â™‚ï¸	man getting haircut	male boy
ğŸ’‡â€â™€ï¸	woman getting haircut	female girl
ğŸš¶	person walking	move steps
ğŸš¶â€â™‚ï¸	man walking	human feet steps
ğŸš¶â€â™€ï¸	woman walking	human feet steps female
ğŸ§	person standing	still
ğŸ§â€â™‚ï¸	man standing	still
ğŸ§â€â™€ï¸	woman standing	still
ğŸ§	person kneeling	pray respectful
ğŸ§â€â™‚ï¸	man kneeling	pray respectful
ğŸ§â€â™€ï¸	woman kneeling	respectful pray
ğŸ§‘â€ğŸ¦¯	person with probing cane	blind accessibility
ğŸ‘¨â€ğŸ¦¯	man with probing cane	blind
ğŸ‘©â€ğŸ¦¯	woman with probing cane	blind
ğŸ§‘â€ğŸ¦¼	person in motorized wheelchair	disability accessibility
ğŸ‘¨â€ğŸ¦¼	man in motorized wheelchair	disability accessibility
ğŸ‘©â€ğŸ¦¼	woman in motorized wheelchair	disability accessibility
ğŸ§‘â€ğŸ¦½	person in manual wheelchair	disability accessibility
ğŸ‘¨â€ğŸ¦½	man in manual wheelchair	disability accessibility
ğŸ‘©â€ğŸ¦½	woman in manual wheelchair	disability accessibility
ğŸƒ	person running	move jog sprint
ğŸƒâ€â™‚ï¸	man running	walking exercise race
ğŸƒâ€â™€ï¸	woman running	walking exercise race female
ğŸ’ƒ	woman dancing	female girl fun
ğŸ•º	man dancing	male boy fun dancer
ğŸ•´ï¸	man in suit levitating	business levitate hover jump
ğŸ‘¯	people with bunny ears	perform costume
ğŸ‘¯â€â™‚ï¸	men with bunny ears	male boys
ğŸ‘¯â€â™€ï¸	women with bunny ears	female girls
ğŸ§–	person in steamy room	relax spa
ğŸ§–â€â™‚ï¸	man in steamy room	male spa steamroom sauna
ğŸ§–â€â™€ï¸	woman in steamy room	female spa steamroom sauna
ğŸ§—	person climbing	sport rock
ğŸ§—â€â™‚ï¸	man climbing	sports hobby male rock
ğŸ§—â€â™€ï¸	woman climbing	sports hobby female rock
ğŸ¤º	person fencing	sports sword
ğŸ‡	horse racing	animal betting competition gambling luck
â›·ï¸	skier	sports winter snow
ğŸ‚	snowboarder	sports winter
ğŸŒï¸	person golfing	sports business
ğŸŒï¸â€â™‚ï¸	man golfing	sport
ğŸŒï¸â€â™€ï¸	woman golfing	sports business female
ğŸ„	person surfing	sport sea ocean
ğŸ„â€â™‚ï¸	man surfing	sports ocean sea summer beach
ğŸ„â€â™€ï¸	woman surfing	sports ocean sea summer beach female
ğŸš£	person rowing boat	sport move
ğŸš£â€â™‚ï¸	man rowing boat	sports hobby water ship
ğŸš£â€â™€ï¸	woman rowing boat	sports hobby water ship female
ğŸŠ	person swimming	sport pool
ğŸŠâ€â™‚ï¸	man swimming	sports exercise athlete water summer
ğŸŠâ€â™€ï¸	woman swimming	sports exercise athlete water summer female
â›¹ï¸	person bouncing ball	sports basketball
â›¹ï¸â€â™‚ï¸	man bouncing ball	sport basketball
â›¹ï¸â€â™€ï¸	woman bouncing ball	sports female basketball
ğŸ‹ï¸	person lifting weights	sports training exercise gym
ğŸ‹ï¸â€â™‚ï¸	man lifting weights	sport gym
ğŸ‹ï¸â€â™€ï¸	woman lifting weights	sports training exercise female gym
ğŸš´	person biking	sport move cycling
ğŸš´â€â™‚ï¸	man biking	sports bike exercise hipster cycling
ğŸš´â€â™€ï¸	woman biking	sports bike exercise hipster female cycling
ğŸšµ	person mountain biking	sport move
ğŸšµâ€â™‚ï¸	man mountain biking	transportation sports race bike
ğŸšµâ€â™€ï¸	woman mountain biking	transportation sports race bike female
ğŸ¤¸	person cartwheeling	sport gymnastic
ğŸ¤¸â€â™‚ï¸	man cartwheeling	gymnastics
ğŸ¤¸â€â™€ï¸	woman cartwheeling	gymnastics
ğŸ¤¼	people wrestling	sport
ğŸ¤¼â€â™‚ï¸	men wrestling	sports wrestlers
ğŸ¤¼â€â™€ï¸	women wrestling	sports wrestlers
ğŸ¤½	person playing water polo	sport pool
ğŸ¤½â€â™‚ï¸	man playing water polo	sports pool
ğŸ¤½â€â™€ï¸	woman playing water polo	sports pool
ğŸ¤¾	person playing handball	sport
ğŸ¤¾â€â™‚ï¸	man playing handball	sports
ğŸ¤¾â€â™€ï¸	woman playing handball	sports
ğŸ¤¹	person juggling	performance balance
ğŸ¤¹â€â™‚ï¸	man juggling	juggle balance skill multitask
ğŸ¤¹â€â™€ï¸	woman juggling	juggle balance skill multitask
ğŸ§˜	person in lotus position	meditate yoga
ğŸ§˜â€â™‚ï¸	man in lotus position	male meditation yoga serenity zen mindfulness
ğŸ§˜â€â™€ï¸	woman in lotus position	female meditation yoga serenity zen mindfulness
ğŸ›€	person taking bath	clean shower bathroom
ğŸ›Œ	person in bed	sleep rest
ğŸ§‘â€ğŸ¤â€ğŸ§‘	people holding hands	friendship couple
ğŸ‘­	women holding hands	pair friendship couple love like female
ğŸ‘«	woman and man holding hands	pair date dating like affection valentines marriage
ğŸ‘¬	men holding hands	pair couple love like bromance friendship
ğŸ’	kiss	pair valentines love like dating marriage
ğŸ‘©â€â¤ï¸â€ğŸ’‹â€ğŸ‘¨	kiss woman man	love
ğŸ‘¨â€â¤ï¸â€ğŸ’‹â€ğŸ‘¨	kiss man man	pair valentines love like dating marriage
ğŸ‘©â€â¤ï¸â€ğŸ’‹â€ğŸ‘©	kiss woman woman	pair valentines love like dating marriage
ğŸ’‘	couple with heart	pair love like affection dating valentines marriage
ğŸ‘©â€â¤ï¸â€ğŸ‘¨	couple with heart woman man	love
ğŸ‘¨â€â¤ï¸â€ğŸ‘¨	couple with heart man man	pair love like affection dating valentines marriage
ğŸ‘©â€â¤ï¸â€ğŸ‘©	couple with heart woman woman	pair love like affection dating valentines marriage
ğŸ‘ª	family	home parents child mom dad father mother
ğŸ‘¨â€ğŸ‘©â€ğŸ‘¦	family man woman boy	love home parents
ğŸ‘¨â€ğŸ‘©â€ğŸ‘§	family man woman girl	home parents child
ğŸ‘¨â€ğŸ‘©â€ğŸ‘§â€ğŸ‘¦	family man woman girl boy	home parents children
ğŸ‘¨â€ğŸ‘©â€ğŸ‘¦â€ğŸ‘¦	family man woman boy boy	home parents children
ğŸ‘¨â€ğŸ‘©â€ğŸ‘§â€ğŸ‘§	family man woman girl girl	home parents children
ğŸ‘¨â€ğŸ‘¨â€ğŸ‘¦	family man man boy	home parents children
ğŸ‘¨â€ğŸ‘¨â€ğŸ‘§	family man man girl	home parents children
ğŸ‘¨â€ğŸ‘¨â€ğŸ‘§â€ğŸ‘¦	family man man girl boy	home parents children
ğŸ‘¨â€ğŸ‘¨â€ğŸ‘¦â€ğŸ‘¦	family man man boy boy	home parents children
ğŸ‘¨â€ğŸ‘¨â€ğŸ‘§â€ğŸ‘§	family man man girl girl	home parents children
ğŸ‘©â€ğŸ‘©â€ğŸ‘¦	family woman woman boy	home parents children
ğŸ‘©â€ğŸ‘©â€ğŸ‘§	family woman woman girl	home parents children
ğŸ‘©â€ğŸ‘©â€ğŸ‘§â€ğŸ‘¦	family woman woman girl boy	home parents children
ğŸ‘©â€ğŸ‘©â€ğŸ‘¦â€ğŸ‘¦	family woman woman boy boy	home parents children
ğŸ‘©â€ğŸ‘©â€ğŸ‘§â€ğŸ‘§	family woman woman girl girl	home parents children
ğŸ‘¨â€ğŸ‘¦	family man boy	home parent child
ğŸ‘¨â€ğŸ‘¦â€ğŸ‘¦	family man boy boy	home parent children
ğŸ‘¨â€ğŸ‘§	family man girl	home parent child
ğŸ‘¨â€ğŸ‘§â€ğŸ‘¦	family man girl boy	home parent children
ğŸ‘¨â€ğŸ‘§â€ğŸ‘§	family man girl girl	home parent children
ğŸ‘©â€ğŸ‘¦	family woman boy	home parent child
ğŸ‘©â€ğŸ‘¦â€ğŸ‘¦	family woman boy boy	home parent children
ğŸ‘©â€ğŸ‘§	family woman girl	home parent child
ğŸ‘©â€ğŸ‘§â€ğŸ‘¦	family woman girl boy	home parent children
ğŸ‘©â€ğŸ‘§â€ğŸ‘§	family woman girl girl	home parent children
ğŸ—£ï¸	speaking head	user person sing say talk
ğŸ‘¤	bust in silhouette	user person
ğŸ‘¥	busts in silhouette	user person group team
ğŸ‘£	footprints	feet tracking walking beach
ğŸµ	monkey face	animal nature circus
ğŸ’	monkey	animal nature banana circus
ğŸ¦	gorilla	animal nature circus
ğŸ¦§	orangutan	animal
ğŸ¶	dog face	animal friend nature woof puppy pet faithful
ğŸ•	dog	animal nature friend doge pet faithful
ğŸ¦®	guide dog	animal blind
ğŸ•â€ğŸ¦º	service dog	blind animal
ğŸ©	poodle	dog animal 101 nature pet
ğŸº	wolf	animal nature wild
ğŸ¦Š	fox	animal nature
ğŸ¦	raccoon	animal nature
ğŸ±	cat face	animal meow nature pet kitten
ğŸˆ	cat	animal meow pet cats
ğŸ¦	lion	animal nature
ğŸ¯	tiger face	animal cat danger wild nature roar
ğŸ…	tiger	animal nature roar
ğŸ†	leopard	animal nature
ğŸ´	horse face	animal brown nature
ğŸ	horse	animal gamble luck
ğŸ¦„	unicorn	animal nature mystical
ğŸ¦“	zebra	animal nature stripes safari
ğŸ¦Œ	deer	animal nature horns venison
ğŸ®	cow face	beef ox animal nature moo milk
ğŸ‚	ox	animal cow beef
ğŸƒ	water buffalo	animal nature ox cow
ğŸ„	cow	beef ox animal nature moo milk
ğŸ·	pig face	animal oink nature
ğŸ–	pig	animal nature
ğŸ—	boar	animal nature
ğŸ½	pig nose	animal oink
ğŸ	ram	animal sheep nature
ğŸ‘	ewe	animal nature wool shipit sheep
ğŸ	goat	animal nature
ğŸª	camel	animal hot desert hump
ğŸ«	two hump camel	animal nature hot desert
ğŸ¦™	llama	animal nature alpaca
ğŸ¦’	giraffe	animal nature spots safari
ğŸ˜	elephant	animal nature nose th circus
ğŸ¦	rhinoceros	animal nature horn
ğŸ¦›	hippopotamus	animal nature
ğŸ­	mouse face	animal nature cheese wedge rodent
ğŸ	mouse	animal nature rodent
ğŸ€	rat	animal mouse rodent
ğŸ¹	hamster	animal nature
ğŸ°	rabbit face	animal nature pet spring magic bunny
ğŸ‡	rabbit	animal nature pet magic spring bunny
ğŸ¿ï¸	chipmunk	animal nature rodent squirrel
ğŸ¦”	hedgehog	animal nature spiny
ğŸ¦‡	bat	animal nature blind vampire
ğŸ»	bear	animal nature wild
ğŸ¨	koala	animal nature
ğŸ¼	panda	animal nature
ğŸ¦¥	sloth	animal slow
ğŸ¦¦	otter	animal
ğŸ¦¨	skunk	animal smell
ğŸ¦˜	kangaroo	animal nature australia joey hop marsupial
ğŸ¦¡	badger	animal nature honey
ğŸ¾	paw prints	animal tracking footprints dog cat pet feet
ğŸ¦ƒ	turkey	animal bird thanksgiving
ğŸ”	chicken	animal cluck nature bird
ğŸ“	rooster	animal nature chicken
ğŸ£	hatching chick	animal chicken egg born baby bird
ğŸ¤	baby chick	animal chicken bird
ğŸ¥	front facing baby chick	animal chicken bird
ğŸ¦	bird	animal nature fly tweet spring
ğŸ§	penguin	animal nature
ğŸ•Šï¸	dove	animal bird peace
ğŸ¦…	eagle	animal nature bird
ğŸ¦†	duck	animal nature bird mallard
ğŸ¦¢	swan	animal nature bird
ğŸ¦‰	owl	animal nature bird hoot
ğŸ¦©	flamingo	animal pink
ğŸ¦š	peacock	animal nature peahen bird
ğŸ¦œ	parrot	animal nature bird pirate talk
ğŸ¸	frog	animal nature croak toad
ğŸŠ	crocodile	animal nature reptile lizard alligator
ğŸ¢	turtle	animal slow nature tortoise
ğŸ¦	lizard	animal nature reptile
ğŸ	snake	animal evil nature hiss python
ğŸ²	dragon face	animal myth nature chinese green
ğŸ‰	dragon	animal myth nature chinese green
ğŸ¦•	sauropod	animal nature dinosaur brachiosaurus brontosaurus diplodocus extinct
ğŸ¦–	t rex	animal nature dinosaur tyrannosaurus extinct
ğŸ³	spouting whale	animal nature sea ocean
ğŸ‹	whale	animal nature sea ocean
ğŸ¬	dolphin	animal nature fish sea ocean flipper fins beach
ğŸŸ	fish	animal food nature
ğŸ 	tropical fish	animal swim ocean beach nemo
ğŸ¡	blowfish	animal nature food sea ocean puffer
ğŸ¦ˆ	shark	animal nature fish sea ocean jaws fins beach
ğŸ™	octopus	animal creature ocean sea nature beach
ğŸš	spiral shell	nature sea beach
ğŸŒ	snail	slow animal shell
ğŸ¦‹	butterfly	animal insect nature caterpillar
ğŸ›	bug	animal insect nature worm
ğŸœ	ant	animal insect nature bug
ğŸ	honeybee	animal insect nature bug spring
ğŸ	lady beetle	animal insect nature ladybug
ğŸ¦—	cricket	animal chirp
ğŸ•·ï¸	spider	animal arachnid
ğŸ•¸ï¸	spider web	animal insect arachnid silk
ğŸ¦‚	scorpion	animal arachnid
ğŸ¦Ÿ	mosquito	animal nature insect malaria
ğŸ¦ 	microbe	amoeba bacteria germs virus
ğŸ’	bouquet	flowers nature spring
ğŸŒ¸	cherry blossom	nature plant spring flower sakura
ğŸ’®	white flower	japanese spring
ğŸµï¸	rosette	flower decoration military
ğŸŒ¹	rose	flowers valentines love spring
ğŸ¥€	wilted flower	plant nature dead
ğŸŒº	hibiscus	plant vegetable flowers beach
ğŸŒ»	sunflower	nature plant fall
ğŸŒ¼	blossom	nature flowers yellow
ğŸŒ·	tulip	flowers plant nature summer spring
ğŸŒ±	seedling	plant nature grass lawn spring
ğŸŒ²	evergreen tree	plant nature
ğŸŒ³	deciduous tree	plant nature
ğŸŒ´	palm tree	plant vegetable nature summer beach mojito tropical
ğŸŒµ	cactus	vegetable plant nature desert
ğŸŒ¾	sheaf of rice	nature plant wheat
ğŸŒ¿	herb	vegetable plant medicine weed grass lawn
â˜˜ï¸	shamrock	vegetable plant nature irish clover
ğŸ€	four leaf clover	vegetable plant nature lucky irish
ğŸ	maple leaf	nature plant vegetable ca fall autumn
ğŸ‚	fallen leaf	nature plant vegetable leaves autumn
ğŸƒ	leaf fluttering in wind	nature plant tree vegetable grass lawn spring
ğŸ‡	grapes	fruit food wine
ğŸˆ	melon	fruit nature food
ğŸ‰	watermelon	fruit food picnic summer
ğŸŠ	tangerine	food fruit nature orange
ğŸ‹	lemon	fruit nature citrus
ğŸŒ	banana	fruit food monkey
ğŸ	pineapple	fruit nature food
ğŸ¥­	mango	fruit food tropical
ğŸ	red apple	fruit mac school
ğŸ	green apple	fruit nature
ğŸ	pear	fruit nature food
ğŸ‘	peach	fruit nature food
ğŸ’	cherries	food fruit
ğŸ“	strawberry	fruit food nature
ğŸ¥	kiwi fruit	food
ğŸ…	tomato	fruit vegetable nature food
ğŸ¥¥	coconut	fruit nature food palm
ğŸ¥‘	avocado	fruit food
ğŸ†	eggplant	vegetable nature food aubergine
ğŸ¥”	potato	food tuber vegetable starch
ğŸ¥•	carrot	vegetable food orange
ğŸŒ½	ear of corn	food vegetable plant
ğŸŒ¶ï¸	hot pepper	food spicy chilli chili
ğŸ¥’	cucumber	fruit food pickle
ğŸ¥¬	leafy green	food vegetable plant bok choy cabbage kale lettuce
ğŸ¥¦	broccoli	fruit food vegetable
ğŸ§„	garlic	food spice cook
ğŸ§…	onion	cook food spice
ğŸ„	mushroom	plant vegetable
ğŸ¥œ	peanuts	food
ğŸŒ°	chestnut	food squirrel
ğŸ	bread	food wheat breakfast toast
ğŸ¥	croissant	food bread french
ğŸ¥–	baguette bread	food french
ğŸ¥¨	pretzel	food bread twisted
ğŸ¥¯	bagel	food bread bakery schmear
ğŸ¥	pancakes	food breakfast flapjacks hotcakes
ğŸ§‡	waffle	food breakfast
ğŸ§€	cheese wedge	food cheddar
ğŸ–	meat on bone	good food drumstick
ğŸ—	poultry leg	food meat drumstick bird chicken turkey
ğŸ¥©	cut of meat	food cow chop lambchop porkchop
ğŸ¥“	bacon	food breakfast pork pig meat
ğŸ”	hamburger	meat fast food beef cheeseburger mcdonalds king
ğŸŸ	french fries	chips snack fast food
ğŸ•	pizza	food party
ğŸŒ­	hot dog	food frankfurter
ğŸ¥ª	sandwich	food lunch bread
ğŸŒ®	taco	food mexican
ğŸŒ¯	burrito	food mexican
ğŸ¥™	stuffed flatbread	food gyro
ğŸ§†	falafel	food middle eastern
ğŸ¥š	egg	food chicken breakfast
ğŸ³	cooking	food breakfast kitchen egg frying pan
ğŸ¥˜	shallow pan of food	cooking casserole paella
ğŸ²	pot of food	meat soup stew
ğŸ¥£	bowl with spoon	food breakfast cereal oatmeal porridge
ğŸ¥—	green salad	food healthy lettuce
ğŸ¿	popcorn	food movie theater films snack
ğŸ§ˆ	butter	food cook
ğŸ§‚	salt	condiment shaker
ğŸ¥«	canned food	soup
ğŸ±	bento box	food japanese
ğŸ˜	rice cracker	food japanese
ğŸ™	rice ball	food japanese onigiri
ğŸš	cooked rice	food china asian
ğŸ›	curry rice	food spicy hot indian
ğŸœ	steaming bowl	food japanese noodle chopsticks ramen
ğŸ	spaghetti	food italian noodle pasta
ğŸ 	roasted sweet potato	food nature
ğŸ¢	oden	food japanese
ğŸ£	sushi	food fish japanese rice
ğŸ¤	fried shrimp	food animal appetizer summer
ğŸ¥	fish cake with swirl	food japan sea beach narutomaki pink kamaboko surimi ramen
ğŸ¥®	moon cake	food autumn
ğŸ¡	dango	food dessert sweet japanese barbecue meat
ğŸ¥Ÿ	dumpling	food empanada pierogi potsticker
ğŸ¥ 	fortune cookie	food prophecy
ğŸ¥¡	takeout box	food leftovers chinese
ğŸ¦€	crab	animal crustacean seafood
ğŸ¦	lobster	animal nature bisque claws seafood
ğŸ¦	shrimp	animal ocean nature seafood
ğŸ¦‘	squid	animal nature ocean sea
ğŸ¦ª	oyster	food seafood
ğŸ¦	soft ice cream	food hot dessert summer
ğŸ§	shaved ice	hot dessert summer
ğŸ¨	ice cream	food hot dessert
ğŸ©	doughnut	food dessert snack sweet donut
ğŸª	cookie	food snack oreo chocolate sweet dessert
ğŸ‚	birthday cake	food dessert celebration
ğŸ°	shortcake	food dessert
ğŸ§	cupcake	food dessert bakery sweet
ğŸ¥§	pie	food dessert pastry
ğŸ«	chocolate bar	food snack dessert sweet
ğŸ¬	candy	snack dessert sweet lolly
ğŸ­	lollipop	food snack candy sweet
ğŸ®	custard	dessert food
ğŸ¯	honey pot	bees sweet kitchen
ğŸ¼	baby bottle	food container milk
ğŸ¥›	glass of milk	beverage drink cow
â˜•	hot beverage	caffeine latte espresso coffee tea
ğŸµ	teacup without handle	drink bowl breakfast green british
ğŸ¶	sake	wine drink drunk beverage japanese alcohol booze
ğŸ¾	bottle with popping cork	drink wine celebration champagne
ğŸ·	wine glass	drink beverage drunk alcohol booze
ğŸ¸	cocktail glass	drink drunk alcohol beverage booze mojito martini
ğŸ¹	tropical drink	beverage cocktail summer beach alcohol booze mojito
ğŸº	beer mug	relax beverage drink drunk party pub summer alcohol booze
ğŸ»	clinking beer mugs	relax beverage drink drunk party pub summer alcohol booze cheers
ğŸ¥‚	clinking glasses	beverage drink party alcohol celebrate cheers wine champagne toast
ğŸ¥ƒ	tumbler glass	drink beverage drunk alcohol liquor booze bourbon scotch whisky shot
ğŸ¥¤	cup with straw	drink soda
ğŸ§ƒ	beverage box	drink juice
ğŸ§‰	mate	drink tea beverage
ğŸ§Š	ice	water cold cube
ğŸ¥¢	chopsticks	food utensil
ğŸ½ï¸	fork and knife with plate	food eat meal lunch dinner restaurant
ğŸ´	fork and knife	cutlery kitchen utensil
ğŸ¥„	spoon	cutlery kitchen tableware utensil
ğŸ”ª	kitchen knife	blade cutlery weapon
ğŸº	amphora	vase jar
ğŸŒ	globe showing europe africa	world international earth
ğŸŒ	globe showing americas	world USA international earth
ğŸŒ	globe showing asia australia	world east international earth
ğŸŒ	globe with meridians	earth international world internet interweb i18n
ğŸ—ºï¸	world map	location direction
ğŸ—¾	map of japan	nation country japanese asia
ğŸ§­	compass	magnetic navigation orienteering
ğŸ”ï¸	snow capped mountain	photo nature environment winter cold
â›°ï¸	mountain	photo nature environment
ğŸŒ‹	volcano	photo nature disaster
ğŸ—»	mount fuji	photo mountain nature japanese
ğŸ•ï¸	camping	photo outdoors tent
ğŸ–ï¸	beach with umbrella	weather summer sunny sand mojito
ğŸœï¸	desert	photo warm sahara
ğŸï¸	desert island	photo tropical mojito
ğŸï¸	national park	photo environment nature
ğŸŸï¸	stadium	photo place sports concert venue
ğŸ›ï¸	classical building	art culture history
ğŸ—ï¸	building construction	wip working progress
ğŸ§±	brick	bricks wall
ğŸ˜ï¸	houses	buildings photo
ğŸšï¸	derelict house	abandon evict broken building
ğŸ 	house	building home
ğŸ¡	house with garden	home plant nature
ğŸ¢	office building	bureau work
ğŸ£	japanese post office	building envelope communication
ğŸ¤	post office	building email mail
ğŸ¥	hospital	building health surgery doctor
ğŸ¦	bank	building money sales cash business enterprise
ğŸ¨	hotel	building accomodation checkin
ğŸ©	love hotel	like affection dating
ğŸª	convenience store	building shopping groceries
ğŸ«	school	building student education learn teach
ğŸ¬	department store	building shopping mall
ğŸ­	factory	building industry pollution smoke
ğŸ¯	japanese castle	photo building
ğŸ°	castle	building royalty history
ğŸ’’	wedding	love like affection couple marriage bride groom church
ğŸ—¼	tokyo tower	photo japanese
ğŸ—½	statue of liberty	american newyork
â›ª	church	building religion christ
ğŸ•Œ	mosque	islam worship minaret
ğŸ›•	hindu temple	religion
ğŸ•	synagogue	judaism worship temple jewish
â›©ï¸	shinto shrine	temple japan kyoto
ğŸ•‹	kaaba	mecca mosque islam
â›²	fountain	photo summer water fresh
â›º	tent	photo camping outdoors
ğŸŒ	foggy	photo mountain
ğŸŒƒ	night with stars	evening city downtown
ğŸ™ï¸	cityscape	photo night life urban
ğŸŒ„	sunrise over mountains	view vacation photo
ğŸŒ…	sunrise	morning view vacation photo
ğŸŒ†	cityscape at dusk	photo evening sky buildings
ğŸŒ‡	sunset	photo good morning dawn
ğŸŒ‰	bridge at night	photo sanfrancisco
â™¨ï¸	hot springs	bath warm relax onsen
ğŸ 	carousel horse	photo carnival
ğŸ¡	ferris wheel	photo carnival londoneye
ğŸ¢	roller coaster	carnival playground photo fun
ğŸ’ˆ	barber pole	hair salon style
ğŸª	circus tent	festival carnival party
ğŸš‚	locomotive	transportation vehicle train
ğŸšƒ	railway car	transportation vehicle
ğŸš„	high speed train	transportation vehicle
ğŸš…	bullet train	transportation vehicle speed fast public travel shinkansen
ğŸš†	train	transportation vehicle
ğŸš‡	metro	transportation blue-square mrt underground tube subway
ğŸšˆ	light rail	transportation vehicle
ğŸš‰	station	transportation vehicle public
ğŸšŠ	tram	transportation vehicle
ğŸš	monorail	transportation vehicle
ğŸš	mountain railway	transportation vehicle
ğŸš‹	tram car	transportation vehicle carriage public travel
ğŸšŒ	bus	car vehicle transportation
ğŸš	oncoming bus	vehicle transportation
ğŸš	trolleybus	bart transportation vehicle
ğŸš	minibus	vehicle car transportation van
ğŸš‘	ambulance	health 911 hospital emergency
ğŸš’	fire engine	transportation cars vehicle
ğŸš“	police car	vehicle cars transportation law legal enforcement
ğŸš”	oncoming police car	vehicle law legal enforcement 911
ğŸš•	taxi	uber vehicle cars transportation cab
ğŸš–	oncoming taxi	vehicle cars uber cab
ğŸš—	automobile	red transportation vehicle car
ğŸš˜	oncoming automobile	car vehicle transportation
ğŸš™	sport utility vehicle	transportation suv
ğŸšš	delivery truck	cars transportation
ğŸš›	articulated lorry	vehicle cars transportation express truck
ğŸšœ	tractor	vehicle car farming agriculture
ğŸï¸	racing car	sports race fast formula f1
ğŸï¸	motorcycle	race sports fast
ğŸ›µ	motor scooter	vehicle vespa sasha
ğŸ¦½	manual wheelchair	accessibility
ğŸ¦¼	motorized wheelchair	accessibility
ğŸ›º	auto rickshaw	move transportation tuk tuk
ğŸš²	bicycle	sports exercise hipster bike
ğŸ›´	kick scooter	vehicle razor
ğŸ›¹	skateboard	
ğŸš	bus stop	transportation wait
ğŸ›£ï¸	motorway	road cupertino interstate highway
ğŸ›¤ï¸	railway track	train transportation
ğŸ›¢ï¸	oil drum	barrel
â›½	fuel pump	gas station petroleum
ğŸš¨	police car light	ambulance 911 emergency alert error pinged law legal siren
ğŸš¥	horizontal traffic light	transportation signal
ğŸš¦	vertical traffic light	transportation driving
ğŸ›‘	stop sign	
ğŸš§	construction	wip progress caution warning
âš“	anchor	ship ferry sea boat
â›µ	sailboat	ship summer transportation water sailing
ğŸ›¶	canoe	boat paddle water ship kayak
ğŸš¤	speedboat	ship transportation vehicle summer
ğŸ›³ï¸	passenger ship	yacht cruise ferry
â›´ï¸	ferry	boat ship yacht
ğŸ›¥ï¸	motor boat	ship
ğŸš¢	ship	transportation titanic deploy
âœˆï¸	airplane	vehicle transportation flight fly
ğŸ›©ï¸	small airplane	flight transportation fly vehicle
ğŸ›«	airplane departure	airport flight landing takeoff
ğŸ›¬	airplane arrival	airport flight boarding landing
ğŸª‚	parachute	fly glide skydive
ğŸ’º	seat	sit airplane transport bus flight fly
ğŸš	helicopter	transportation vehicle fly
ğŸšŸ	suspension railway	vehicle transportation
ğŸš 	mountain cableway	transportation vehicle ski
ğŸš¡	aerial tramway	transportation vehicle ski
ğŸ›°ï¸	satellite	communication gps orbit spaceflight NASA ISS
ğŸš€	rocket	launch ship staffmode NASA outer space fly
ğŸ›¸	flying saucer	transportation vehicle ufo alien
ğŸ›ï¸	bellhop bell	service hotel
ğŸ§³	luggage	packing travel suitcase
âŒ›	hourglass done	time clock oldschool limit exam quiz test
â³	hourglass not done	oldschool time countdown
âŒš	watch	time accessories
â°	alarm clock	time wake
â±ï¸	stopwatch	time deadline
â²ï¸	timer clock	alarm
ğŸ•°ï¸	mantelpiece clock	time
ğŸ•›	twelve o clock	time noon midnight midday late early schedule
ğŸ•§	twelve thirty	time late early schedule
ğŸ•	one o clock	time late early schedule
ğŸ•œ	one thirty	time late early schedule
ğŸ•‘	two o clock	time late early schedule
ğŸ•	two thirty	time late early schedule
ğŸ•’	three o clock	time late early schedule
ğŸ•	three thirty	time late early schedule
ğŸ•“	four o clock	time late early schedule
ğŸ•Ÿ	four thirty	time late early schedule
ğŸ•”	five o clock	time late early schedule
ğŸ• 	five thirty	time late early schedule
ğŸ••	six o clock	time late early schedule dawn dusk
ğŸ•¡	six thirty	time late early schedule
ğŸ•–	seven o clock	time late early schedule
ğŸ•¢	seven thirty	time late early schedule
ğŸ•—	eight o clock	time late early schedule
ğŸ•£	eight thirty	time late early schedule
ğŸ•˜	nine o clock	time late early schedule
ğŸ•¤	nine thirty	time late early schedule
ğŸ•™	ten o clock	time late early schedule
ğŸ•¥	ten thirty	time late early schedule
ğŸ•š	eleven o clock	time late early schedule
ğŸ•¦	eleven thirty	time late early schedule
ğŸŒ‘	new moon	nature twilight planet space night evening sleep
ğŸŒ’	waxing crescent moon	nature twilight planet space night evening sleep
ğŸŒ“	first quarter moon	nature twilight planet space night evening sleep
ğŸŒ”	waxing gibbous moon	nature night sky gray twilight planet space evening sleep
ğŸŒ•	full moon	nature yellow twilight planet space night evening sleep
ğŸŒ–	waning gibbous moon	nature twilight planet space night evening sleep
ğŸŒ—	last quarter moon	nature twilight planet space night evening sleep
ğŸŒ˜	waning crescent moon	nature twilight planet space night evening sleep
ğŸŒ™	crescent moon	night sleep sky evening magic
ğŸŒš	new moon face	nature twilight planet space night evening sleep
ğŸŒ›	first quarter moon face	nature twilight planet space night evening sleep
ğŸŒœ	last quarter moon face	nature twilight planet space night evening sleep
ğŸŒ¡ï¸	thermometer	weather temperature hot cold
â˜€ï¸	sun	weather nature brightness summer beach spring
ğŸŒ	full moon face	nature twilight planet space night evening sleep
ğŸŒ	sun with face	nature morning sky
ğŸª	ringed planet	outerspace saturn
â­	star	night yellow
ğŸŒŸ	glowing star	night sparkle awesome good magic
ğŸŒ 	shooting star	night photo
ğŸŒŒ	milky way	photo space stars galaxy
â˜ï¸	cloud	weather sky
â›…	sun behind cloud	weather nature cloudy morning fall spring
â›ˆï¸	cloud with lightning and rain	weather storm
ğŸŒ¤ï¸	sun behind small cloud	weather
ğŸŒ¥ï¸	sun behind large cloud	weather
ğŸŒ¦ï¸	sun behind rain cloud	weather
ğŸŒ§ï¸	cloud with rain	weather
ğŸŒ¨ï¸	cloud with snow	weather
ğŸŒ©ï¸	cloud with lightning	weather thunder
ğŸŒªï¸	tornado	weather cyclone twister
ğŸŒ«ï¸	fog	weather
ğŸŒ¬ï¸	wind face	gust air
ğŸŒ€	cyclone	weather swirl blue cloud vortex spiral whirlpool spin tornado hurricane typhoon
ğŸŒˆ	rainbow	nature happy unicorn photo sky spring
ğŸŒ‚	closed umbrella	weather rain drizzle
â˜‚ï¸	umbrella	weather spring rain
â˜”	umbrella with rain drops	rainy weather spring
â›±ï¸	umbrella on ground	weather summer beach
âš¡	high voltage	thunder weather lightning bolt fast zap electricity
â„ï¸	snowflake	winter season cold weather christmas xmas
â˜ƒï¸	snowman	winter season cold weather christmas xmas frozen
â›„	snowman without snow	winter season cold weather christmas xmas frozen
â˜„ï¸	comet	space
ğŸ”¥	fire	hot cook flame burn
ğŸ’§	droplet	water drip faucet spring
ğŸŒŠ	water wave	sea nature tsunami disaster ocean
ğŸƒ	jack o lantern	halloween light pumpkin creepy fall
ğŸ„	christmas tree	festival vacation december xmas celebration
ğŸ†	fireworks	photo festival carnival congratulations
ğŸ‡	sparkler	stars night shine
ğŸ§¨	firecracker	dynamite boom explode explosion explosive
âœ¨	sparkles	stars shine shiny cool awesome good magic
ğŸˆ	balloon	party celebration birthday circus
ğŸ‰	party popper	congratulations birthday magic circus celebration tada
ğŸŠ	confetti ball	festival party birthday circus
ğŸ‹	tanabata tree	plant nature branch summer
ğŸ	pine decoration	plant nature vegetable panda
ğŸ	japanese dolls	toy kimono
ğŸ	carp streamer	fish japanese koinobori banner
ğŸ	wind chime	nature ding spring bell
ğŸ‘	moon viewing ceremony	photo japan asia tsukimi
ğŸ§§	red envelope	gift chinese
ğŸ€	ribbon	decoration pink girl bowtie
ğŸ	wrapped gift	present birthday christmas xmas
ğŸ—ï¸	reminder ribbon	sports cause support awareness
ğŸŸï¸	admission tickets	sports concert entrance
ğŸ«	ticket	event concert pass
ğŸ–ï¸	military medal	award winning army
ğŸ†	trophy	win award contest place ftw ceremony
ğŸ…	sports medal	award winning
ğŸ¥‡	1st place medal	award winning first gold
ğŸ¥ˆ	2nd place medal	award second silver
ğŸ¥‰	3rd place medal	award third bronze
âš½	soccer ball	sports football
âš¾	baseball	sports balls
ğŸ¥	softball	sports balls
ğŸ€	basketball	sports balls NBA
ğŸ	volleyball	sports balls
ğŸˆ	american football	sports balls NFL
ğŸ‰	rugby football	sports team
ğŸ¾	tennis	sports balls green
ğŸ¥	flying disc	sports frisbee ultimate
ğŸ³	bowling	sports fun play
ğŸ	cricket game	sports bat
ğŸ‘	field hockey	sports stick
ğŸ’	ice hockey	sports stick puck
ğŸ¥	lacrosse	sports ball stick
ğŸ“	ping pong	sports pingpong table tennis
ğŸ¸	badminton	sports shuttlecock
ğŸ¥Š	boxing glove	sports fighting
ğŸ¥‹	martial arts uniform	judo karate taekwondo
ğŸ¥…	goal net	sports
â›³	flag in hole	sports business summer golf
â›¸ï¸	ice skate	sports skating
ğŸ£	fishing pole	food hobby summer
ğŸ¤¿	diving mask	sport ocean scuba snorkel
ğŸ½	running shirt	play pageant
ğŸ¿	skis	sports winter cold snow skiing
ğŸ›·	sled	sleigh luge toboggan winter
ğŸ¥Œ	curling stone	sports winter
ğŸ¯	direct hit	game play bar target bullseye darts
ğŸª€	yo yo	toy
ğŸª	kite	wind fly
ğŸ±	pool 8 ball	hobby game luck magic billiards
ğŸ”®	crystal ball	disco party magic circus fortune teller
ğŸ§¿	nazar amulet	bead charm evil eye
ğŸ®	video game	play console PS4 controller gaming
ğŸ•¹ï¸	joystick	game play arcade
ğŸ°	slot machine	bet gamble vegas fruit luck casino
ğŸ²	game die	dice random tabletop play luck
ğŸ§©	puzzle piece	interlocking jigsaw
ğŸ§¸	teddy bear	plush stuffed toy
â™ ï¸	spade suit	poker cards suits magic
â™¥ï¸	heart suit	poker cards magic suits
â™¦ï¸	diamond suit	poker cards magic suits
â™£ï¸	club suit	poker cards magic suits
â™Ÿï¸	chess pawn	expendable game
ğŸƒ	joker	poker cards game play magic
ğŸ€„	mahjong red dragon	game play chinese kanji
ğŸ´	flower playing cards	game sunset red hanafuda
ğŸ­	performing arts	acting theater drama masks
ğŸ–¼ï¸	framed picture	photography art
ğŸ¨	artist palette	design paint draw colors
ğŸ§µ	thread	needle sewing spool string
ğŸ§¶	yarn	ball crochet knit
ğŸ‘“	glasses	fashion accessories eyesight nerdy dork geek
ğŸ•¶ï¸	sunglasses	face cool accessories
ğŸ¥½	goggles	eyes protection safety
ğŸ¥¼	lab coat	doctor experiment scientist chemist
ğŸ¦º	safety vest	protection construction
ğŸ‘”	necktie	shirt suitup formal fashion cloth business
ğŸ‘•	t shirt	fashion cloth casual tee
ğŸ‘–	jeans	fashion shopping pants
ğŸ§£	scarf	neck winter clothes
ğŸ§¤	gloves	hands winter clothes
ğŸ§¥	coat	jacket winter
ğŸ§¦	socks	stockings clothes
ğŸ‘—	dress	clothes fashion shopping
ğŸ‘˜	kimono	dress fashion women female japanese
ğŸ¥»	sari	dress indian
ğŸ©±	one piece swimsuit	fashion swimming
ğŸ©²	briefs	clothing underwear
ğŸ©³	shorts	clothing
ğŸ‘™	bikini	swimming female woman girl fashion beach summer
ğŸ‘š	woman s clothes	fashion shopping bags female
ğŸ‘›	purse	fashion accessories money sales shopping
ğŸ‘œ	handbag	fashion accessory accessories shopping
ğŸ‘	clutch bag	accessories shopping
ğŸ›ï¸	shopping bags	mall buy purchase
ğŸ’	backpack	student education bag school
ğŸ‘	man s shoe	fashion male
ğŸ‘Ÿ	running shoe	shoes sports sneakers
ğŸ¥¾	hiking boot	backpacking camping
ğŸ¥¿	flat shoe	ballet slip-on slipper
ğŸ‘ 	high heeled shoe	fashion shoes female pumps stiletto
ğŸ‘¡	woman s sandal	shoes fashion flip flops
ğŸ©°	ballet shoes	dance
ğŸ‘¢	woman s boot	shoes fashion
ğŸ‘‘	crown	king kod leader royalty lord queen
ğŸ‘’	woman s hat	fashion accessories female lady spring
ğŸ©	top hat	magic gentleman classy circus
ğŸ“	graduation cap	school college degree university hat legal learn education
ğŸ§¢	billed cap	baseball hat
â›‘ï¸	rescue worker s helmet	construction build safety
ğŸ“¿	prayer beads	dhikr religious
ğŸ’„	lipstick	female girl fashion woman makeup
ğŸ’	ring	wedding propose marriage valentines diamond fashion jewelry gem engagement
ğŸ’	gem stone	blue ruby diamond jewelry
ğŸ”‡	muted speaker	sound volume silence quiet
ğŸ”ˆ	speaker low volume	sound silence broadcast
ğŸ”‰	speaker medium volume	broadcast
ğŸ”Š	speaker high volume	noise noisy broadcast loud
ğŸ“¢	loudspeaker	volume sound
ğŸ“£	megaphone	sound speaker volume cheer
ğŸ“¯	postal horn	instrument music
ğŸ””	bell	sound notification christmas xmas chime
ğŸ”•	bell with slash	sound volume mute quiet silent
ğŸ¼	musical score	treble clef compose
ğŸµ	musical note	score tone sound
ğŸ¶	musical notes	score
ğŸ™ï¸	studio microphone	sing recording artist talkshow
ğŸšï¸	level slider	scale
ğŸ›ï¸	control knobs	dial
ğŸ¤	microphone	sound music PA sing talkshow karaoke
ğŸ§	headphone	music score gadgets headphones
ğŸ“»	radio	communication music podcast program
ğŸ·	saxophone	music instrument jazz blues
ğŸ¸	guitar	music instrument rock
ğŸ¹	musical keyboard	piano instrument compose
ğŸº	trumpet	music brass
ğŸ»	violin	music instrument orchestra symphony
ğŸª•	banjo	music instrument
ğŸ¥	drum	music instrument drumsticks snare
ğŸ“±	mobile phone	technology apple gadgets dial smartphone iphone
ğŸ“²	mobile phone with arrow	iphone incoming
â˜ï¸	telephone	technology communication dial
ğŸ“	telephone receiver	technology communication dial
ğŸ“Ÿ	pager	bbcall oldschool 90s
ğŸ“ 	fax machine	communication technology
ğŸ”‹	battery	power energy sustain
ğŸ”Œ	electric plug	charger power
ğŸ’»	laptop	technology screen display monitor computer
ğŸ–¥ï¸	desktop computer	technology computing screen
ğŸ–¨ï¸	printer	paper ink
âŒ¨ï¸	keyboard	technology computer type input text
ğŸ–±ï¸	computer mouse	click
ğŸ–²ï¸	trackball	technology trackpad
ğŸ’½	computer disk	technology record data 90s
ğŸ’¾	floppy disk	oldschool technology save 90s 80s
ğŸ’¿	optical disk	technology dvd disc 90s cd
ğŸ“€	dvd	cd disk disc
ğŸ§®	abacus	calculation math
ğŸ¥	movie camera	film record
ğŸï¸	film frames	movie
ğŸ“½ï¸	film projector	video tape record movie
ğŸ¬	clapper board	movie film record action
ğŸ“º	television	technology program oldschool show tv
ğŸ“·	camera	gadgets photography
ğŸ“¸	camera with flash	photography gadgets
ğŸ“¹	video camera	film record
ğŸ“¼	videocassette	record oldschool 90s 80s vhs
ğŸ”	magnifying glass tilted left	search zoom find detective
ğŸ”	magnifying glass tilted right	search zoom find detective
ğŸ•¯ï¸	candle	fire wax
ğŸ’¡	light bulb	electricity idea
ğŸ”¦	flashlight	dark camping sight night
ğŸ®	red paper lantern	light halloween spooky
ğŸª”	diya lamp	lighting
ğŸ“”	notebook with decorative cover	classroom notes record paper study
ğŸ“•	closed book	read library knowledge textbook learn
ğŸ“–	open book	read library knowledge literature learn study
ğŸ“—	green book	read library knowledge study
ğŸ“˜	blue book	read library knowledge learn study
ğŸ“™	orange book	read library knowledge textbook study
ğŸ“š	books	literature library study
ğŸ““	notebook	stationery record notes paper study
ğŸ“’	ledger	notes paper
ğŸ“ƒ	page with curl	documents office paper
ğŸ“œ	scroll	documents ancient history paper
ğŸ“„	page facing up	documents office paper information
ğŸ“°	newspaper	press headline
ğŸ—ï¸	rolled up newspaper	press headline
ğŸ“‘	bookmark tabs	favorite save order tidy
ğŸ”–	bookmark	favorite label save
ğŸ·ï¸	label	sale tag
ğŸ’°	money bag	dollar payment coins sale
ğŸ’´	yen banknote	money sales japanese dollar currency
ğŸ’µ	dollar banknote	money sales bill currency
ğŸ’¶	euro banknote	money sales dollar currency
ğŸ’·	pound banknote	british sterling money sales bills uk england currency
ğŸ’¸	money with wings	dollar bills payment sale flying
ğŸ’³	credit card	money sales dollar bill payment shopping
ğŸ§¾	receipt	accounting expenses
ğŸ’¹	chart increasing with yen	green-square graph presentation stats
ğŸ’±	currency exchange	money sales dollar travel
ğŸ’²	heavy dollar sign	money sales payment currency buck
âœ‰ï¸	envelope	letter postal inbox communication mail
ğŸ“§	e mail	communication inbox email
ğŸ“¨	incoming envelope	email inbox
ğŸ“©	envelope with arrow	email communication
ğŸ“¤	outbox tray	inbox email
ğŸ“¥	inbox tray	email documents
ğŸ“¦	package	mail gift cardboard box moving shipping
ğŸ“«	closed mailbox with raised flag	email inbox communication
ğŸ“ª	closed mailbox with lowered flag	email communication inbox
ğŸ“¬	open mailbox with raised flag	email inbox communication
ğŸ“­	open mailbox with lowered flag	email inbox
ğŸ“®	postbox	email letter envelope
ğŸ—³ï¸	ballot box with ballot	election vote
âœï¸	pencil	stationery write paper writing school study
âœ’ï¸	black nib	pen stationery writing write
ğŸ–‹ï¸	fountain pen	stationery writing write
ğŸ–Šï¸	pen	stationery writing write
ğŸ–Œï¸	paintbrush	drawing creativity art
ğŸ–ï¸	crayon	drawing creativity
ğŸ“	memo	write documents stationery pencil paper writing legal exam quiz test study compose note
ğŸ’¼	briefcase	business documents work law legal job career
ğŸ“	file folder	documents business office
ğŸ“‚	open file folder	documents load
ğŸ—‚ï¸	card index dividers	organizing business stationery
ğŸ“…	calendar	schedule date
ğŸ“†	tear off calendar	schedule date planning
ğŸ—’ï¸	spiral notepad	memo stationery
ğŸ—“ï¸	spiral calendar	date schedule planning
ğŸ“‡	card index	business stationery
ğŸ“ˆ	chart increasing	graph presentation stats recovery business economics money sales good success
ğŸ“‰	chart decreasing	graph presentation stats recession business economics money sales bad failure
ğŸ“Š	bar chart	graph presentation stats
ğŸ“‹	clipboard	stationery documents
ğŸ“Œ	pushpin	stationery mark here
ğŸ“	round pushpin	stationery location map here
ğŸ“	paperclip	documents stationery
ğŸ–‡ï¸	linked paperclips	documents stationery
ğŸ“	straight ruler	stationery calculate length math school drawing architect sketch
ğŸ“	triangular ruler	stationery math architect sketch
âœ‚ï¸	scissors	stationery cut
ğŸ—ƒï¸	card file box	business stationery
ğŸ—„ï¸	file cabinet	filing organizing
ğŸ—‘ï¸	wastebasket	bin trash rubbish garbage toss delete
ğŸ”’	locked	security password padlock
ğŸ”“	unlocked	privacy security
ğŸ”	locked with pen	security secret
ğŸ”	locked with key	security privacy
ğŸ”‘	key	lock door password
ğŸ—ï¸	old key	lock door password
ğŸ”¨	hammer	tools build create
ğŸª“	axe	tool chop cut
â›ï¸	pick	tools dig mining
âš’ï¸	hammer and pick	tools build create
ğŸ› ï¸	hammer and wrench	tools build create
ğŸ—¡ï¸	dagger	weapon knife
âš”ï¸	crossed swords	weapon battle
ğŸ”«	pistol	violence weapon revolver gun
ğŸ¹	bow and arrow	sports archery
ğŸ›¡ï¸	shield	protection security defense
ğŸ”§	wrench	tools diy ikea fix maintainer
ğŸ”©	nut and bolt	handy tools fix
âš™ï¸	gear	cog settings
ğŸ—œï¸	clamp	tool
âš–ï¸	balance scale	law fairness weight justice
ğŸ¦¯	probing cane	accessibility blind
ğŸ”—	link	rings url chain
â›“ï¸	chains	lock arrest
ğŸ§°	toolbox	tools diy fix maintainer mechanic
ğŸ§²	magnet	attraction magnetic
âš—ï¸	alembic	distilling science experiment chemistry
ğŸ§ª	test tube	chemistry experiment lab science
ğŸ§«	petri dish	bacteria biology culture lab
ğŸ§¬	dna	biologist genetics life
ğŸ”¬	microscope	laboratory experiment zoomin science study
ğŸ”­	telescope	stars space zoom science astronomy
ğŸ“¡	satellite antenna	communication future radio space
ğŸ’‰	syringe	health hospital drugs blood medicine needle doctor nurse vaccine
ğŸ©¸	drop of blood	period hurt harm wound
ğŸ’Š	pill	health medicine doctor pharmacy drug
ğŸ©¹	adhesive bandage	heal bandaid
ğŸ©º	stethoscope	health doctor
ğŸšª	door	house entry exit
ğŸ›ï¸	bed	sleep rest bedroom
ğŸ›‹ï¸	couch and lamp	read chill sofa
ğŸª‘	chair	sit furniture
ğŸš½	toilet	restroom wc washroom bathroom potty
ğŸš¿	shower	clean water bathroom
ğŸ›	bathtub	clean shower bathroom
ğŸª’	razor	cut shave
ğŸ§´	lotion bottle	moisturizer sunscreen
ğŸ§·	safety pin	diaper
ğŸ§¹	broom	cleaning sweeping witch
ğŸ§º	basket	laundry
ğŸ§»	roll of paper	toilet
ğŸ§¼	soap	bar bathing cleaning lather
ğŸ§½	sponge	absorbing cleaning porous
ğŸ§¯	fire extinguisher	quench safety
ğŸ›’	shopping cart	trolley grocery
ğŸš¬	cigarette	kills tobacco joint smoke
âš°ï¸	coffin	vampire dead die death rip graveyard cemetery casket funeral box
âš±ï¸	funeral urn	dead die death rip ashes
ğŸ—¿	moai	rock easter island statue
ğŸ§	atm sign	money sales cash blue-square payment bank
ğŸš®	litter in bin sign	blue-square human info trash
ğŸš°	potable water	blue-square liquid restroom cleaning faucet
â™¿	wheelchair symbol	blue-square disabled accessibility
ğŸš¹	men s room	toilet restroom wc blue-square gender male
ğŸšº	women s room	purple-square woman female toilet loo restroom gender
ğŸš»	restroom	blue-square toilet refresh wc gender
ğŸš¼	baby symbol	orange-square child
ğŸš¾	water closet	toilet restroom blue-square
ğŸ›‚	passport control	custom blue-square
ğŸ›ƒ	customs	passport border blue-square
ğŸ›„	baggage claim	blue-square airport transport
ğŸ›…	left luggage	blue-square travel
âš ï¸	warning	exclamation wip alert error problem issue caution
ğŸš¸	children crossing	school warning danger sign driving yellow-diamond
â›”	no entry	limit security privacy bad denied stop circle
ğŸš«	prohibited	forbid stop limit denied disallow circle
ğŸš³	no bicycles	cyclist prohibited circle
ğŸš­	no smoking	cigarette blue-square smell smoke
ğŸš¯	no littering	trash bin garbage circle
ğŸš±	non potable water	drink faucet tap circle
ğŸš·	no pedestrians	rules crossing walking circle
ğŸ“µ	no mobile phones	iphone mute circle
ğŸ”	no one under eighteen	18 drink pub night minor circle adult
â˜¢ï¸	radioactive	nuclear danger
â˜£ï¸	biohazard	danger
â¬†ï¸	up arrow	blue-square continue top direction
â†—ï¸	up right arrow	blue-square point direction diagonal northeast
â¡ï¸	right arrow	blue-square next
â†˜ï¸	down right arrow	blue-square direction diagonal southeast
â¬‡ï¸	down arrow	blue-square direction bottom
â†™ï¸	down left arrow	blue-square direction diagonal southwest
â¬…ï¸	left arrow	blue-square previous back
â†–ï¸	up left arrow	blue-square point direction diagonal northwest
â†•ï¸	up down arrow	blue-square direction way vertical
â†”ï¸	left right arrow	shape direction horizontal sideways
â†©ï¸	right arrow curving left	back return blue-square undo enter
â†ªï¸	left arrow curving right	blue-square return rotate direction
â¤´ï¸	right arrow curving up	blue-square direction top
â¤µï¸	right arrow curving down	blue-square direction bottom
ğŸ”ƒ	clockwise vertical arrows	sync cycle round repeat
ğŸ”„	counterclockwise arrows button	blue-square sync cycle refresh
ğŸ”™	back arrow	words return
ğŸ”š	end arrow	words
ğŸ”›	on arrow	words
ğŸ”œ	soon arrow	words
ğŸ”	top arrow	words blue-square
ğŸ›	place of worship	religion church temple prayer
âš›ï¸	atom symbol	science physics chemistry
ğŸ•‰ï¸	om	hinduism buddhism sikhism jainism
âœ¡ï¸	star of david	judaism jewish
â˜¸ï¸	wheel of dharma	hinduism buddhism sikhism jainism
â˜¯ï¸	yin yang	balance taoism
âœï¸	latin cross	christianity religion
â˜¦ï¸	orthodox cross	suppedaneum religion
â˜ªï¸	star and crescent	islam muslim
â˜®ï¸	peace symbol	hippie
ğŸ•	menorah	hanukkah candles jewish
ğŸ”¯	dotted six pointed star	purple-square religion jewish hexagram
â™ˆ	aries	sign purple-square zodiac astrology
â™‰	taurus	purple-square sign zodiac astrology
â™Š	gemini	sign zodiac purple-square astrology
â™‹	cancer	sign zodiac purple-square astrology
â™Œ	leo	sign purple-square zodiac astrology
â™	virgo	sign zodiac purple-square astrology
â™	libra	sign purple-square zodiac astrology
â™	scorpio	sign zodiac purple-square astrology
â™	sagittarius	sign zodiac purple-square astrology
â™‘	capricorn	sign zodiac purple-square astrology
â™’	aquarius	sign purple-square zodiac astrology
â™“	pisces	purple-square sign zodiac astrology
â›	ophiuchus	sign purple-square constellation astrology
ğŸ”€	shuffle tracks button	blue-square music random
ğŸ”	repeat button	loop record
ğŸ”‚	repeat single button	blue-square loop
â–¶ï¸	play button	blue-square right direction
â©	fast forward button	blue-square play speed continue
â­ï¸	next track button	forward blue-square
â¯ï¸	play or pause button	blue-square
â—€ï¸	reverse button	blue-square left direction
âª	fast reverse button	play blue-square rewind
â®ï¸	last track button	backward previous
ğŸ”¼	upwards button	blue-square triangle direction point forward top
â«	fast up button	blue-square direction top
ğŸ”½	downwards button	blue-square direction bottom
â¬	fast down button	blue-square direction bottom
â¸ï¸	pause button	blue-square
â¹ï¸	stop button	blue-square
âºï¸	record button	blue-square
âï¸	eject button	blue-square
ğŸ¦	cinema	blue-square record film movie curtain stage theater
ğŸ”…	dim button	sun afternoon warm summer brightness
ğŸ”†	bright button	sun light brightness
ğŸ“¶	antenna bars	blue-square reception phone internet connection wifi bluetooth signal
ğŸ“³	vibration mode	orange-square phone
ğŸ“´	mobile phone off	mute orange-square silence quiet
â™€ï¸	female sign	woman women lady girl
â™‚ï¸	male sign	man boy men
âš•ï¸	medical symbol	health hospital
â™¾ï¸	infinity	forever
â™»ï¸	recycling symbol	arrow environment garbage trash recycle
âšœï¸	fleur de lis	decorative scout
ğŸ”±	trident emblem	weapon spear poseidon
ğŸ“›	name badge	fire forbid nametag
ğŸ”°	japanese symbol for beginner	badge shield
â­•	hollow red circle	round
âœ…	check mark button	green-square ok agree vote election answer tick done
â˜‘ï¸	check box with check	ok agree confirm black-square vote election yes tick
âœ”ï¸	check mark	ok nike answer yes tick done
âœ–ï¸	multiplication sign	math calculation multiply
âŒ	cross mark	no delete remove cancel red x
â	cross mark button	x green-square no deny
â•	plus sign	math calculation addition more increase add
â–	minus sign	math calculation subtract less
â—	division sign	divide math calculation
â°	curly loop	scribble draw shape squiggle
â¿	double curly loop	tape cassette
ã€½ï¸	part alternation mark	graph presentation stats business economics bad
âœ³ï¸	eight spoked asterisk	star sparkle green-square
âœ´ï¸	eight pointed star	orange-square shape polygon
â‡ï¸	sparkle	stars green-square awesome good fireworks
â€¼ï¸	double exclamation mark	surprise
â‰ï¸	exclamation question mark	wat punctuation surprise
â“	question mark	doubt confused
â”	white question mark	doubts gray huh confused
â•	white exclamation mark	surprise punctuation gray wow warning
â—	exclamation mark	heavy danger surprise punctuation wow warning
ã€°ï¸	wavy dash	draw line moustache mustache squiggle scribble
Â©ï¸	copyright	ip license circle law legal
Â®ï¸	registered	alphabet circle trademark
â„¢ï¸	trade mark	trademark brand law legal
#ï¸âƒ£	keycap hash	symbol blue-square twitter hashtag
*ï¸âƒ£	keycap star	asterisk
0ï¸âƒ£	keycap 0	numbers blue-square null zero
1ï¸âƒ£	keycap 1	blue-square numbers one
2ï¸âƒ£	keycap 2	numbers prime blue-square two
3ï¸âƒ£	keycap 3	numbers prime blue-square three
4ï¸âƒ£	keycap 4	numbers blue-square four
5ï¸âƒ£	keycap 5	numbers blue-square prime five
6ï¸âƒ£	keycap 6	numbers blue-square six
7ï¸âƒ£	keycap 7	numbers blue-square prime seven
8ï¸âƒ£	keycap 8	blue-square numbers eight
9ï¸âƒ£	keycap 9	blue-square numbers nine
ğŸ”Ÿ	keycap 10	numbers blue-square ten
ğŸ” 	input latin uppercase	alphabet words blue-square
ğŸ”¡	input latin lowercase	blue-square alphabet
ğŸ”¢	input numbers	blue-square
ğŸ”£	input symbols	blue-square music note ampersand percent glyphs characters
ğŸ”¤	input latin letters	blue-square alphabet
ğŸ…°ï¸	a button	red-square alphabet letter blood type
ğŸ†	ab button	red-square alphabet blood type
ğŸ…±ï¸	b button	red-square alphabet letter blood type
ğŸ†‘	cl button	alphabet words red-square clear
ğŸ†’	cool button	words blue-square
ğŸ†“	free button	blue-square words
â„¹ï¸	information	blue-square alphabet letter
ğŸ†”	id button	purple-square words identity
â“‚ï¸	circled m	alphabet blue-circle letter metro
ğŸ†•	new button	blue-square words start
ğŸ†–	ng button	blue-square words shape icon
ğŸ…¾ï¸	o button	alphabet red-square letter blood type
ğŸ†—	ok button	good agree yes blue-square
ğŸ…¿ï¸	p button	cars blue-square alphabet letter parking
ğŸ†˜	sos button	help red-square words emergency 911
ğŸ†™	up button	blue-square above high
ğŸ†š	vs button	words orange-square versus
ğŸˆ	japanese here button	blue-square katakana destination
ğŸˆ‚ï¸	japanese service charge button	blue-square katakana
ğŸˆ·ï¸	japanese monthly amount button	chinese moon orange-square kanji
ğŸˆ¶	japanese not free of charge button	orange-square chinese have kanji
ğŸˆ¯	japanese reserved button	chinese point green-square kanji
ğŸ‰	japanese bargain button	chinese kanji obtain get circle
ğŸˆ¹	japanese discount button	cut divide chinese kanji pink-square
ğŸˆš	japanese free of charge button	nothing chinese kanji orange-square
ğŸˆ²	japanese prohibited button	kanji chinese forbidden limit restricted red-square
ğŸ‰‘	japanese acceptable button	ok good chinese kanji agree yes orange-circle
ğŸˆ¸	japanese application button	chinese kanji orange-square
ğŸˆ´	japanese passing grade button	chinese join kanji red-square
ğŸˆ³	japanese vacancy button	kanji chinese empty sky blue-square
ãŠ—ï¸	japanese congratulations button	chinese kanji red-circle
ãŠ™ï¸	japanese secret button	privacy chinese sshh kanji red-circle
ğŸˆº	japanese open for business button	opening hours orange-square
ğŸˆµ	japanese no vacancy button	full chinese red-square kanji
ğŸ”´	red circle	shape error danger
ğŸŸ 	orange circle	round
ğŸŸ¡	yellow circle	round
ğŸŸ¢	green circle	round
ğŸ”µ	blue circle	shape icon button
ğŸŸ£	purple circle	round
ğŸŸ¤	brown circle	round
âš«	black circle	shape button round
âšª	white circle	shape round
ğŸŸ¥	red square	shape
ğŸŸ§	orange square	shape
ğŸŸ¨	yellow square	shape
ğŸŸ©	green square	shape
ğŸŸ¦	blue square	shape
ğŸŸª	purple square	shape
ğŸŸ«	brown square	shape
â¬›	black large square	shape icon button
â¬œ	white large square	shape icon stone button
â—¼ï¸	black medium square	shape button icon
â—»ï¸	white medium square	shape stone icon
â—¾	black medium small square	icon shape button
â—½	white medium small square	shape stone icon button
â–ªï¸	black small square	shape icon
â–«ï¸	white small square	shape icon
ğŸ”¶	large orange diamond	shape jewel gem
ğŸ”·	large blue diamond	shape jewel gem
ğŸ”¸	small orange diamond	shape jewel gem
ğŸ”¹	small blue diamond	shape jewel gem
ğŸ”º	red triangle pointed up	shape direction up top
ğŸ”»	red triangle pointed down	shape direction bottom
ğŸ’ 	diamond with a dot	jewel blue gem crystal fancy
ğŸ”˜	radio button	input old music circle
ğŸ”³	white square button	shape input
ğŸ”²	black square button	shape input frame
ğŸ	chequered flag	contest finishline race gokart checkered
ğŸš©	triangular flag	mark milestone place red
ğŸŒ	crossed flags	japanese nation country
ğŸ´	black flag	pirate
ğŸ³ï¸	white flag	losing loser lost surrender give up fail
ğŸ³ï¸â€ğŸŒˆ	rainbow flag	pride gay lgbt glbt queer homosexual lesbian bisexual transgender
ğŸ´â€â˜ ï¸	pirate flag	skull crossbones banner
ğŸ‡¦ğŸ‡¨	flag ascension island	country
ğŸ‡¦ğŸ‡©	flag andorra	ad nation country banner
ğŸ‡¦ğŸ‡ª	flag united arab emirates	uae nation country banner
ğŸ‡¦ğŸ‡«	flag afghanistan	af nation country banner
ğŸ‡¦ğŸ‡¬	flag antigua barbuda	nation country banner
ğŸ‡¦ğŸ‡®	flag anguilla	ai nation country banner
ğŸ‡¦ğŸ‡±	flag albania	al nation country banner
ğŸ‡¦ğŸ‡²	flag armenia	am nation country banner
ğŸ‡¦ğŸ‡´	flag angola	ao nation country banner
ğŸ‡¦ğŸ‡¶	flag antarctica	aq nation country banner
ğŸ‡¦ğŸ‡·	flag argentina	ar nation country banner
ğŸ‡¦ğŸ‡¸	flag american samoa	ws nation country banner
ğŸ‡¦ğŸ‡¹	flag austria	at nation country banner
ğŸ‡¦ğŸ‡º	flag australia	au nation country banner
ğŸ‡¦ğŸ‡¼	flag aruba	aw nation country banner
ğŸ‡¦ğŸ‡½	flag aland islands	nation country banner
ğŸ‡¦ğŸ‡¿	flag azerbaijan	az nation country banner
ğŸ‡§ğŸ‡¦	flag bosnia herzegovina	nation country banner
ğŸ‡§ğŸ‡§	flag barbados	bb nation country banner
ğŸ‡§ğŸ‡©	flag bangladesh	bd nation country banner
ğŸ‡§ğŸ‡ª	flag belgium	be nation country banner
ğŸ‡§ğŸ‡«	flag burkina faso	nation country banner
ğŸ‡§ğŸ‡¬	flag bulgaria	bg nation country banner
ğŸ‡§ğŸ‡­	flag bahrain	bh nation country banner
ğŸ‡§ğŸ‡®	flag burundi	bi nation country banner
ğŸ‡§ğŸ‡¯	flag benin	bj nation country banner
ğŸ‡§ğŸ‡±	flag st barthelemy	saint nation country banner
ğŸ‡§ğŸ‡²	flag bermuda	bm nation country banner
ğŸ‡§ğŸ‡³	flag brunei	bn darussalam nation country banner
ğŸ‡§ğŸ‡´	flag bolivia	bo nation country banner
ğŸ‡§ğŸ‡¶	flag caribbean netherlands	bonaire nation country banner
ğŸ‡§ğŸ‡·	flag brazil	br nation country banner
ğŸ‡§ğŸ‡¸	flag bahamas	bs nation country banner
ğŸ‡§ğŸ‡¹	flag bhutan	bt nation country banner
ğŸ‡§ğŸ‡»	flag bouvet island	norway
ğŸ‡§ğŸ‡¼	flag botswana	bw nation country banner
ğŸ‡§ğŸ‡¾	flag belarus	by nation country banner
ğŸ‡§ğŸ‡¿	flag belize	bz nation country banner
ğŸ‡¨ğŸ‡¦	flag canada	ca nation country banner
ğŸ‡¨ğŸ‡¨	flag cocos islands	keeling nation country banner
ğŸ‡¨ğŸ‡©	flag congo kinshasa	democratic republic nation country banner
ğŸ‡¨ğŸ‡«	flag central african republic	nation country banner
ğŸ‡¨ğŸ‡¬	flag congo brazzaville	nation country banner
ğŸ‡¨ğŸ‡­	flag switzerland	ch nation country banner
ğŸ‡¨ğŸ‡®	flag cote d ivoire	ivory coast nation country banner
ğŸ‡¨ğŸ‡°	flag cook islands	nation country banner
ğŸ‡¨ğŸ‡±	flag chile	nation country banner
ğŸ‡¨ğŸ‡²	flag cameroon	cm nation country banner
ğŸ‡¨ğŸ‡³	flag china	chinese prc nation country banner
ğŸ‡¨ğŸ‡´	flag colombia	co nation country banner
ğŸ‡¨ğŸ‡µ	flag clipperton island	country
ğŸ‡¨ğŸ‡·	flag costa rica	nation country banner
ğŸ‡¨ğŸ‡º	flag cuba	cu nation country banner
ğŸ‡¨ğŸ‡»	flag cape verde	cabo nation country banner
ğŸ‡¨ğŸ‡¼	flag curacao	nation country banner
ğŸ‡¨ğŸ‡½	flag christmas island	nation country banner
ğŸ‡¨ğŸ‡¾	flag cyprus	cy nation country banner
ğŸ‡¨ğŸ‡¿	flag czechia	cz nation country banner
ğŸ‡©ğŸ‡ª	flag germany	nation country banner
ğŸ‡©ğŸ‡¬	flag diego garcia	country
ğŸ‡©ğŸ‡¯	flag djibouti	dj nation country banner
ğŸ‡©ğŸ‡°	flag denmark	dk nation country banner
ğŸ‡©ğŸ‡²	flag dominica	dm nation country banner
ğŸ‡©ğŸ‡´	flag dominican republic	nation country banner
ğŸ‡©ğŸ‡¿	flag algeria	dz nation country banner
ğŸ‡ªğŸ‡¦	flag ceuta melilla	country
ğŸ‡ªğŸ‡¨	flag ecuador	ec nation country banner
ğŸ‡ªğŸ‡ª	flag estonia	ee nation country banner
ğŸ‡ªğŸ‡¬	flag egypt	eg nation country banner
ğŸ‡ªğŸ‡­	flag western sahara	nation country banner
ğŸ‡ªğŸ‡·	flag eritrea	er nation country banner
ğŸ‡ªğŸ‡¸	flag spain	nation country banner
ğŸ‡ªğŸ‡¹	flag ethiopia	et nation country banner
ğŸ‡ªğŸ‡º	flag european union	eu banner
ğŸ‡«ğŸ‡®	flag finland	fi nation country banner
ğŸ‡«ğŸ‡¯	flag fiji	fj nation country banner
ğŸ‡«ğŸ‡°	flag falkland islands	malvinas nation country banner
ğŸ‡«ğŸ‡²	flag micronesia	federated states nation country banner
ğŸ‡«ğŸ‡´	flag faroe islands	nation country banner
ğŸ‡«ğŸ‡·	flag france	french nation country banner
ğŸ‡¬ğŸ‡¦	flag gabon	ga nation country banner
ğŸ‡¬ğŸ‡§	flag united kingdom	uk great britain northern ireland british english england union jack
ğŸ‡¬ğŸ‡©	flag grenada	gd nation country banner
ğŸ‡¬ğŸ‡ª	flag georgia	ge nation country banner
ğŸ‡¬ğŸ‡«	flag french guiana	nation country banner
ğŸ‡¬ğŸ‡¬	flag guernsey	gg nation country banner
ğŸ‡¬ğŸ‡­	flag ghana	gh nation country banner
ğŸ‡¬ğŸ‡®	flag gibraltar	gi nation country banner
ğŸ‡¬ğŸ‡±	flag greenland	gl nation country banner
ğŸ‡¬ğŸ‡²	flag gambia	gm nation country banner
ğŸ‡¬ğŸ‡³	flag guinea	gn nation country banner
ğŸ‡¬ğŸ‡µ	flag guadeloupe	gp nation country banner
ğŸ‡¬ğŸ‡¶	flag equatorial guinea	nation country banner
ğŸ‡¬ğŸ‡·	flag greece	gr nation country banner
ğŸ‡¬ğŸ‡¸	flag south georgia south sandwich islands	nation country banner
ğŸ‡¬ğŸ‡¹	flag guatemala	gt nation country banner
ğŸ‡¬ğŸ‡º	flag guam	gu nation country banner
ğŸ‡¬ğŸ‡¼	flag guinea bissau	gw nation country banner
ğŸ‡¬ğŸ‡¾	flag guyana	gy nation country banner
ğŸ‡­ğŸ‡°	flag hong kong sar china	hk nation country banner
ğŸ‡­ğŸ‡²	flag heard mcdonald islands	country
ğŸ‡­ğŸ‡³	flag honduras	hn nation country banner
ğŸ‡­ğŸ‡·	flag croatia	hr nation country banner
ğŸ‡­ğŸ‡¹	flag haiti	ht nation country banner
ğŸ‡­ğŸ‡º	flag hungary	hu nation country banner
ğŸ‡®ğŸ‡¨	flag canary islands	nation country banner
ğŸ‡®ğŸ‡©	flag indonesia	id nation country banner
ğŸ‡®ğŸ‡ª	flag ireland	ie nation country banner
ğŸ‡®ğŸ‡±	flag israel	il nation country banner
ğŸ‡®ğŸ‡²	flag isle of man	nation country banner
ğŸ‡®ğŸ‡³	flag india	in nation country banner
ğŸ‡®ğŸ‡´	flag british indian ocean territory	nation country banner
ğŸ‡®ğŸ‡¶	flag iraq	iq nation country banner
ğŸ‡®ğŸ‡·	flag iran	islamic republic nation country banner
ğŸ‡®ğŸ‡¸	flag iceland	is nation country banner
ğŸ‡®ğŸ‡¹	flag italy	it nation country banner
ğŸ‡¯ğŸ‡ª	flag jersey	je nation country banner
ğŸ‡¯ğŸ‡²	flag jamaica	jm nation country banner
ğŸ‡¯ğŸ‡´	flag jordan	jo nation country banner
ğŸ‡¯ğŸ‡µ	flag japan	japanese nation country banner
ğŸ‡°ğŸ‡ª	flag kenya	ke nation country banner
ğŸ‡°ğŸ‡¬	flag kyrgyzstan	kg nation country banner
ğŸ‡°ğŸ‡­	flag cambodia	kh nation country banner
ğŸ‡°ğŸ‡®	flag kiribati	ki nation country banner
ğŸ‡°ğŸ‡²	flag comoros	km nation country banner
ğŸ‡°ğŸ‡³	flag st kitts nevis	saint nation country banner
ğŸ‡°ğŸ‡µ	flag north korea	nation country banner
ğŸ‡°ğŸ‡·	flag south korea	nation country banner
ğŸ‡°ğŸ‡¼	flag kuwait	kw nation country banner
ğŸ‡°ğŸ‡¾	flag cayman islands	nation country banner
ğŸ‡°ğŸ‡¿	flag kazakhstan	kz nation country banner
ğŸ‡±ğŸ‡¦	flag laos	democratic republic nation country banner
ğŸ‡±ğŸ‡§	flag lebanon	lb nation country banner
ğŸ‡±ğŸ‡¨	flag st lucia	saint nation country banner
ğŸ‡±ğŸ‡®	flag liechtenstein	li nation country banner
ğŸ‡±ğŸ‡°	flag sri lanka	nation country banner
ğŸ‡±ğŸ‡·	flag liberia	lr nation country banner
ğŸ‡±ğŸ‡¸	flag lesotho	ls nation country banner
ğŸ‡±ğŸ‡¹	flag lithuania	lt nation country banner
ğŸ‡±ğŸ‡º	flag luxembourg	lu nation country banner
ğŸ‡±ğŸ‡»	flag latvia	lv nation country banner
ğŸ‡±ğŸ‡¾	flag libya	ly nation country banner
ğŸ‡²ğŸ‡¦	flag morocco	ma nation country banner
ğŸ‡²ğŸ‡¨	flag monaco	mc nation country banner
ğŸ‡²ğŸ‡©	flag moldova	republic nation country banner
ğŸ‡²ğŸ‡ª	flag montenegro	me nation country banner
ğŸ‡²ğŸ‡«	flag st martin	country
ğŸ‡²ğŸ‡¬	flag madagascar	mg nation country banner
ğŸ‡²ğŸ‡­	flag marshall islands	nation country banner
ğŸ‡²ğŸ‡°	flag north macedonia	nation country banner
ğŸ‡²ğŸ‡±	flag mali	ml nation country banner
ğŸ‡²ğŸ‡²	flag myanmar	mm nation country banner burma
ğŸ‡²ğŸ‡³	flag mongolia	mn nation country banner
ğŸ‡²ğŸ‡´	flag macao sar china	nation country banner macau
ğŸ‡²ğŸ‡µ	flag northern mariana islands	nation country banner
ğŸ‡²ğŸ‡¶	flag martinique	mq nation country banner
ğŸ‡²ğŸ‡·	flag mauritania	mr nation country banner
ğŸ‡²ğŸ‡¸	flag montserrat	ms nation country banner
ğŸ‡²ğŸ‡¹	flag malta	mt nation country banner
ğŸ‡²ğŸ‡º	flag mauritius	mu nation country banner
ğŸ‡²ğŸ‡»	flag maldives	mv nation country banner
ğŸ‡²ğŸ‡¼	flag malawi	mw nation country banner
ğŸ‡²ğŸ‡½	flag mexico	mx nation country banner
ğŸ‡²ğŸ‡¾	flag malaysia	my nation country banner
ğŸ‡²ğŸ‡¿	flag mozambique	mz nation country banner
ğŸ‡³ğŸ‡¦	flag namibia	na nation country banner
ğŸ‡³ğŸ‡¨	flag new caledonia	nation country banner
ğŸ‡³ğŸ‡ª	flag niger	ne nation country banner
ğŸ‡³ğŸ‡«	flag norfolk island	nation country banner
ğŸ‡³ğŸ‡¬	flag nigeria	ng nation country banner
ğŸ‡³ğŸ‡®	flag nicaragua	ni nation country banner
ğŸ‡³ğŸ‡±	flag netherlands	nl nation country banner dutch
ğŸ‡³ğŸ‡´	flag norway	no nation country banner
ğŸ‡³ğŸ‡µ	flag nepal	np nation country banner
ğŸ‡³ğŸ‡·	flag nauru	nr nation country banner
ğŸ‡³ğŸ‡º	flag niue	nu nation country banner
ğŸ‡³ğŸ‡¿	flag new zealand	nation country banner
ğŸ‡´ğŸ‡²	flag oman	om nation country banner
ğŸ‡µğŸ‡¦	flag panama	pa nation country banner
ğŸ‡µğŸ‡ª	flag peru	pe nation country banner
ğŸ‡µğŸ‡«	flag french polynesia	nation country banner
ğŸ‡µğŸ‡¬	flag papua new guinea	nation country banner
ğŸ‡µğŸ‡­	flag philippines	ph nation country banner
ğŸ‡µğŸ‡°	flag pakistan	pk nation country banner
ğŸ‡µğŸ‡±	flag poland	pl nation country banner
ğŸ‡µğŸ‡²	flag st pierre miquelon	saint nation country banner
ğŸ‡µğŸ‡³	flag pitcairn islands	nation country banner
ğŸ‡µğŸ‡·	flag puerto rico	nation country banner
ğŸ‡µğŸ‡¸	flag palestinian territories	palestine nation country banner
ğŸ‡µğŸ‡¹	flag portugal	pt nation country banner
ğŸ‡µğŸ‡¼	flag palau	pw nation country banner
ğŸ‡µğŸ‡¾	flag paraguay	py nation country banner
ğŸ‡¶ğŸ‡¦	flag qatar	qa nation country banner
ğŸ‡·ğŸ‡ª	flag reunion	nation country banner
ğŸ‡·ğŸ‡´	flag romania	ro nation country banner
ğŸ‡·ğŸ‡¸	flag serbia	rs nation country banner
ğŸ‡·ğŸ‡º	flag russia	russian federation nation country banner
ğŸ‡·ğŸ‡¼	flag rwanda	rw nation country banner
ğŸ‡¸ğŸ‡¦	flag saudi arabia	nation country banner
ğŸ‡¸ğŸ‡§	flag solomon islands	nation country banner
ğŸ‡¸ğŸ‡¨	flag seychelles	sc nation country banner
ğŸ‡¸ğŸ‡©	flag sudan	sd nation country banner
ğŸ‡¸ğŸ‡ª	flag sweden	se nation country banner
ğŸ‡¸ğŸ‡¬	flag singapore	sg nation country banner
ğŸ‡¸ğŸ‡­	flag st helena	saint ascension tristan cunha nation country banner
ğŸ‡¸ğŸ‡®	flag slovenia	si nation country banner
ğŸ‡¸ğŸ‡¯	flag svalbard jan mayen	country
ğŸ‡¸ğŸ‡°	flag slovakia	sk nation country banner
ğŸ‡¸ğŸ‡±	flag sierra leone	nation country banner
ğŸ‡¸ğŸ‡²	flag san marino	nation country banner
ğŸ‡¸ğŸ‡³	flag senegal	sn nation country banner
ğŸ‡¸ğŸ‡´	flag somalia	so nation country banner
ğŸ‡¸ğŸ‡·	flag suriname	sr nation country banner
ğŸ‡¸ğŸ‡¸	flag south sudan	nation country banner
ğŸ‡¸ğŸ‡¹	flag sao tome principe	nation country banner
ğŸ‡¸ğŸ‡»	flag el salvador	nation country banner
ğŸ‡¸ğŸ‡½	flag sint maarten	dutch nation country banner
ğŸ‡¸ğŸ‡¾	flag syria	syrian arab republic nation country banner
ğŸ‡¸ğŸ‡¿	flag eswatini	sz nation country banner swaziland
ğŸ‡¹ğŸ‡¦	flag tristan da cunha	country
ğŸ‡¹ğŸ‡¨	flag turks caicos islands	nation country banner
ğŸ‡¹ğŸ‡©	flag chad	td nation country banner
ğŸ‡¹ğŸ‡«	flag french southern territories	nation country banner
ğŸ‡¹ğŸ‡¬	flag togo	tg nation country banner
ğŸ‡¹ğŸ‡­	flag thailand	th nation country banner
ğŸ‡¹ğŸ‡¯	flag tajikistan	tj nation country banner
ğŸ‡¹ğŸ‡°	flag tokelau	tk nation country banner
ğŸ‡¹ğŸ‡±	flag timor leste	nation country banner
ğŸ‡¹ğŸ‡²	flag turkmenistan	nation country banner
ğŸ‡¹ğŸ‡³	flag tunisia	tn nation country banner
ğŸ‡¹ğŸ‡´	flag tonga	to nation country banner
ğŸ‡¹ğŸ‡·	flag turkey	nation country banner
ğŸ‡¹ğŸ‡¹	flag trinidad tobago	nation country banner
ğŸ‡¹ğŸ‡»	flag tuvalu	nation country banner
ğŸ‡¹ğŸ‡¼	flag taiwan	tw nation country banner
ğŸ‡¹ğŸ‡¿	flag tanzania	united republic nation country banner
ğŸ‡ºğŸ‡¦	flag ukraine	ua nation country banner
ğŸ‡ºğŸ‡¬	flag uganda	ug nation country banner
ğŸ‡ºğŸ‡²	flag u s outlying islands	country
ğŸ‡ºğŸ‡³	flag united nations	un banner
ğŸ‡ºğŸ‡¸	flag united states	usa america nation country banner
ğŸ‡ºğŸ‡¾	flag uruguay	uy nation country banner
ğŸ‡ºğŸ‡¿	flag uzbekistan	uz nation country banner
ğŸ‡»ğŸ‡¦	flag vatican city	nation country banner
ğŸ‡»ğŸ‡¨	flag st vincent grenadines	saint nation country banner
ğŸ‡»ğŸ‡ª	flag venezuela	ve bolivarian republic nation country banner
ğŸ‡»ğŸ‡¬	flag british virgin islands	bvi nation country banner
ğŸ‡»ğŸ‡®	flag u s virgin islands	nation country banner
ğŸ‡»ğŸ‡³	flag vietnam	nation country banner
ğŸ‡»ğŸ‡º	flag vanuatu	vu nation country banner
ğŸ‡¼ğŸ‡«	flag wallis futuna	nation country banner
ğŸ‡¼ğŸ‡¸	flag samoa	ws nation country banner
ğŸ‡½ğŸ‡°	flag kosovo	xk nation country banner
ğŸ‡¾ğŸ‡ª	flag yemen	ye nation country banner
ğŸ‡¾ğŸ‡¹	flag mayotte	yt nation country banner
ğŸ‡¿ğŸ‡¦	flag south africa	nation country banner
ğŸ‡¿ğŸ‡²	flag zambia	zm nation country banner
ğŸ‡¿ğŸ‡¼	flag zimbabwe	zw nation country banner
ğŸ´ó §ó ¢ó ¥ó ®ó §ó ¿	flag england	english
ğŸ´ó §ó ¢ó ³ó £ó ´ó ¿	flag scotland	scottish
ğŸ´ó §ó ¢ó ·ó ¬ó ³ó ¿	flag wales	welsh
ğŸ¥²	smiling face with tear	sad cry pretend
ğŸ¥¸	disguised face	pretend brows glasses moustache
ğŸ¤Œ	pinched fingers	size tiny small italian
ğŸ«€	anatomical heart	health heartbeat organ
ğŸ«	lungs	breathe organ
ğŸ¥·	ninja	ninjutsu skills japanese stealth
ğŸ¤µâ€â™‚ï¸	man in tuxedo	formal fashion wedding groom
ğŸ¤µâ€â™€ï¸	woman in tuxedo	formal fashion wedding
ğŸ‘°â€â™‚ï¸	man with veil	wedding marriage
ğŸ‘°â€â™€ï¸	woman with veil	wedding marriage bride
ğŸ‘©â€ğŸ¼	woman feeding baby	birth food
ğŸ‘¨â€ğŸ¼	man feeding baby	birth food
ğŸ§‘â€ğŸ¼	person feeding baby	birth food
ğŸ§‘â€ğŸ„	mx claus	christmas santa
ğŸ«‚	people hugging	care embrace
ğŸˆâ€â¬›	black cat	superstition luck
ğŸ¦¬	bison	ox animal
ğŸ¦£	mammoth	elephant tusks extinct
ğŸ¦«	beaver	animal rodent
ğŸ»â€â„ï¸	polar bear	animal arctic
ğŸ¦¤	dodo	animal bird extinct
ğŸª¶	feather	bird fly quill
ğŸ¦­	seal	animal creature
ğŸª²	beetle	insect bug
ğŸª³	cockroach	insect pests
ğŸª°	fly	insect
ğŸª±	worm	animal
ğŸª´	potted plant	greenery house houseplant
ğŸ«	blueberries	fruit berry
ğŸ«’	olive	fruit
ğŸ«‘	bell pepper	fruit plant vegetable
ğŸ«“	flatbread	flour food
ğŸ«”	tamale	food masa mexican
ğŸ«•	fondue	cheese pot food
ğŸ«–	teapot	drink hot
ğŸ§‹	bubble tea	taiwan boba milk straw
ğŸª¨	rock	stone
ğŸªµ	wood	nature timber trunk log
ğŸ›–	hut	house structure
ğŸ›»	pickup truck	car transportation vehicle
ğŸ›¼	roller skate	footwear sports
ğŸª„	magic wand	supernature power wizard
ğŸª…	pinata	mexico candy celebration party
ğŸª†	nesting dolls	matryoshka toy russian
ğŸª¡	sewing needle	stitches thread
ğŸª¢	knot	rope scout
ğŸ©´	thong sandal	footwear summer flip flop
ğŸª–	military helmet	army protection soldier
ğŸª—	accordion	music instrument
ğŸª˜	long drum	music percussion
ğŸª™	coin	money currency
ğŸªƒ	boomerang	weapon australia
ğŸªš	carpentry saw	cut chop tool
ğŸª›	screwdriver	tools
ğŸª	hook	tools fishing
ğŸªœ	ladder	tools climb
ğŸ›—	elevator	lift
ğŸª	mirror	reflection
ğŸªŸ	window	scenery glass
ğŸª 	plunger	toilet bathroom
ğŸª¤	mouse trap	cheese pest
ğŸª£	bucket	water container pail
ğŸª¥	toothbrush	hygiene dental
ğŸª¦	headstone	death rip grave tombstone
ğŸª§	placard	announcement sign protest
âš§ï¸	transgender symbol	lgbtq
ğŸ³ï¸â€âš§ï¸	transgender flag	lgbtq
ğŸ˜¶â€ğŸŒ«ï¸	face in clouds	shower steam dream
ğŸ˜®â€ğŸ’¨	face exhaling	relieve relief tired sigh
ğŸ˜µâ€ğŸ’«	face with spiral eyes	sick ill confused nauseous nausea dizzy
â¤ï¸â€ğŸ”¥	heart on fire	passionate enthusiastic love
â¤ï¸â€ğŸ©¹	mending heart	broken bandage wounded healing
ğŸ§”â€â™‚ï¸	man beard	facial hair
ğŸ§”â€â™€ï¸	woman beard	facial hair
ğŸ« 	melting face	hot heat
ğŸ«¢	face with open eyes and hand over mouth	silence secret shock surprise
ğŸ«£	face with peeking eye	scared frightening embarrassing
ğŸ«¡	saluting face	respect salute
ğŸ«¥	dotted line face	invisible lonely isolation depression
ğŸ«¤	face with diagonal mouth	skeptic confuse frustrated indifferent meh
ğŸ¥¹	face holding back tears	touched gratitude emotional
ğŸ«±	rightwards hand	palm offer
ğŸ«²	leftwards hand	palm offer
ğŸ«³	palm down hand	drop
ğŸ«´	palm up hand	lift offer demand
ğŸ«°	hand with index finger and thumb crossed	heart love money expensive snap
ğŸ«µ	index pointing at the viewer	you recruit
ğŸ«¶	heart hands	love appreciation support
ğŸ«¦	biting lip	flirt sexy pain worry
ğŸ«…	person with crown	royalty power monarch
ğŸ«ƒ	pregnant man	baby belly
ğŸ«„	pregnant person	baby belly
ğŸ§Œ	troll	mystical monster
ğŸª¸	coral	ocean sea reef
ğŸª·	lotus	flower calm meditation
ğŸª¹	empty nest	bird
ğŸªº	nest with eggs	bird
ğŸ«˜	beans	food legume
ğŸ«—	pouring liquid	cup water drink
ğŸ«™	jar	container sauce mason
ğŸ›	playground slide	fun park
ğŸ›	wheel	car transport tire
ğŸ›Ÿ	ring buoy	life saver life preserver safety
ğŸª¬	hamsa	religion protection amulet
ğŸª©	mirror ball	disco dance party
ğŸª«	low battery	drained dead power
ğŸ©¼	crutch	accessibility assist mobility
ğŸ©»	x-ray	skeleton medicine bones
ğŸ«§	bubbles	soap fun carbonation sparkling
ğŸªª	identification card	document id
ğŸŸ°	heavy equals sign	math
Â¿?	question upside down	reversed spanish
â†	left arrow	direction
â†‘	up arrow	direction
â†’	right arrow	direction
â†“	down arrow	direction
â†â†‘â†’â†“	all directions	up down left right arrows
AHâ†—ï¸HAâ†˜ï¸HAâ†—ï¸HAâ†˜ï¸	pekora arrows	hahaha rabbit vtuber
â€¢	dot	circle separator bullet
ã€Œã€	japanese quote	square bracket
Â¯\_(ãƒ„)_/Â¯	shrug	idk i dont know emoticon
â†µ	enter key	return newline
ğ•	twitter x logo	social media
ğŸ‘‰ğŸ‘ˆ	shy fingers	etou awkward
ğŸ‘‰ğŸ‘Œ	inappropriate gesture	put it in
